cod_cliente,cod_produto,qtd_produto,valor_unitario,valor_total_compra
1,1011,3,5.99,17.97
2,1032,4,9.99,39.96
3,1049,2,5.99,
4,1021,4,3.99,15.96
5,1001,4,22,88
6,1003,2,12,24
7,1069,2,3.49,
8,1043,1,3.25,3.25
9,1029,3,10,30
10,1059,3,4,12
11,1021,3,3.99,11.97
12,1003,3,12,36
13,1017,2,7.5,15
14,1052,1,5.89,5.89
15,1000,4,9.9,39.6
16,1085,4,64.99,259.96
17,1001,3,22,66
18,1079,4,5.99,
19,1070,1,3.99,3.99
20,1077,2,34.5,69
21,1075,1,35,35
22,1060,3,3.5,10.5
23,1021,2,3.99,7.98
24,1016,1,15,15
25,1017,4,7.5,30
26,1048,4,8.99,35.96
27,1032,2,9.99,19.98
28,1010,1,11,11
29,1040,1,5,5
30,1025,3,4.99,14.97
31,1059,3,4,12
32,1065,4,5.99,
33,1012,3,7.95,23.85
34,1070,2,3.99,7.98
35,1049,4,5.99,23.96
36,1083,1,1.99,1.99
37,1014,3,8.99,26.97
38,1039,4,4.99,19.96
39,1020,4,2.5,10
40,1038,4,4,16
41,1000,2,9.9,19.8
42,1024,2,5.99,11.98
43,1028,3,3.2,9.6
44,1014,1,8.99,8.99
45,1047,1,3.89,3.89
46,1044,2,3.99,7.98
47,1037,4,3.45,13.8
48,1009,4,12.5,50
49,1022,4,4.3,17.2
50,1082,3,29.99,89.97
51,1084,4,56.99,227.96
52,1006,4,6,24
53,1078,4,10.99,43.96
54,1083,4,1.99,7.96
55,1021,4,3.99,15.96
56,1054,2,1.5,3
57,1016,4,15,60
58,1050,3,3.5,10.5
59,1002,3,1.99,5.97
60,1054,3,1.5,4.5
61,1071,1,4.99,4.99
62,1027,2,3.99,7.98
63,1062,2,5.99,11.98
64,1056,2,3.75,7.5
65,1011,3,5.99,17.97
66,1058,2,3.89,7.78
67,1067,3,2.99,8.97
68,1055,2,3.99,7.98
69,1010,3,11,33
70,1035,2,3.99,7.98
71,1017,4,7.5,30
72,1069,2,3.49,6.98
73,1074,3,2.49,7.47
74,1006,1,6,6
75,1043,2,3.25,6.5
76,1020,4,2.5,10
77,1004,2,4,8
78,1010,1,11,11
79,1004,3,4,12
80,1033,1,2.32,2.32
81,1013,4,13.5,54
82,1016,2,15,30
83,1045,3,5.99,17.97
84,1080,3,2.49,7.47
85,1037,4,3.45,13.8
86,1025,2,4.99,9.98
87,1067,1,2.99,2.99
88,1032,1,9.99,9.99
89,1043,3,3.25,9.75
90,1029,3,10,30
91,1062,3,5.99,17.97
92,1055,4,3.99,15.96
93,1059,2,4,8
94,1065,4,5.99,23.96
95,1033,3,2.32,6.96
96,1084,1,56.99,56.99
97,1074,4,2.49,9.96
98,1086,2,15.9,31.8
99,1049,3,5.99,17.97
100,1032,1,9.99,9.99
101,1056,1,3.75,3.75
102,1063,3,3.99,11.97
103,1083,2,1.99,3.98
104,1047,4,3.89,15.56
105,1034,3,3.75,11.25
106,1023,1,22.5,22.5
107,1065,3,5.99,17.97
108,1003,2,12,24
109,1029,2,10,20
110,1042,2,4.45,8.9
111,1029,2,10,20
112,1080,3,2.49,7.47
113,1046,3,4.99,14.97
114,1019,3,4.5,13.5
115,1084,3,56.99,170.97
116,1020,3,2.5,7.5
117,1083,3,1.99,5.97
118,1083,3,1.99,5.97
119,1050,3,3.5,10.5
120,1042,1,4.45,4.45
121,1030,3,8,24
122,1066,2,3.76,7.52
123,1013,3,13.5,40.5
124,1033,4,2.32,9.28
125,1065,4,5.99,23.96
126,1011,1,5.99,5.99
127,1079,4,5.99,23.96
128,1059,2,4,8
129,1032,1,9.99,9.99
130,1012,4,7.95,31.8
131,1014,1,8.99,8.99
132,1064,2,12.5,25
133,1070,1,3.99,3.99
134,1037,3,3.45,10.35
135,1053,3,1.5,4.5
136,1071,3,4.99,14.97
137,1066,1,3.76,3.76
138,1085,3,64.99,194.97
139,1068,4,1.29,5.16
140,1070,3,3.99,11.97
141,1003,1,12,12
142,1058,4,3.89,15.56
143,1002,4,1.99,7.96
144,1037,1,3.45,3.45
145,1084,4,56.99,227.96
146,1042,4,4.45,17.8
147,1056,3,3.75,
148,1080,2,2.49,4.98
149,1022,1,4.3,4.3
150,1018,3,4.99,14.97
151,1043,4,3.25,13
152,1055,1,3.99,3.99
153,1046,4,4.99,19.96
154,1082,1,29.99,29.99
155,1026,4,2,8
156,1053,3,1.5,4.5
157,1067,3,2.99,8.97
158,1035,2,3.99,7.98
159,1008,4,8.5,34
160,1010,2,11,
161,1031,1,1.99,1.99
162,1008,4,8.5,34
163,1017,1,7.5,7.5
164,1073,1,1.5,1.5
165,1063,1,3.99,3.99
166,1026,4,2,8
167,1069,2,3.49,6.98
168,1083,1,1.99,1.99
169,1043,3,3.25,9.75
170,1068,2,1.29,2.58
171,1022,1,4.3,4.3
172,1039,1,4.99,4.99
173,1080,3,2.49,7.47
174,1040,3,5,15
175,1016,2,15,30
176,1072,3,1.5,4.5
177,1001,4,22,88
178,1038,4,4,16
179,1010,1,11,11
180,1053,2,1.5,3
181,1067,3,2.99,8.97
182,1081,2,11.5,23
183,1050,4,3.5,14
184,1026,3,2,6
185,1067,3,2.99,8.97
186,1018,2,4.99,9.98
187,1083,2,1.99,3.98
188,1030,3,8,24
189,1047,2,3.89,7.78
190,1018,4,4.99,19.96
191,1081,3,11.5,34.5
192,1000,4,9.9,39.6
193,1073,2,1.5,3
194,1045,3,5.99,17.97
195,1058,3,3.89,11.67
196,1013,4,13.5,54
197,1027,2,3.99,7.98
198,1014,3,8.99,26.97
199,1059,3,4,12
200,1061,3,5.99,17.97
201,1020,3,2.5,7.5
202,1034,1,3.75,3.75
203,1066,2,3.76,7.52
204,1021,2,3.99,7.98
205,1041,1,4.95,4.95
206,1061,2,5.99,11.98
207,1026,2,2,4
208,1035,2,3.99,7.98
209,1030,2,8,16
210,1075,3,35,105
211,1002,3,1.99,5.97
212,1061,2,5.99,11.98
213,1068,3,1.29,3.87
214,1058,3,3.89,11.67
215,1061,3,5.99,17.97
216,1040,3,5,15
217,1023,3,22.5,67.5
218,1043,2,3.25,6.5
219,1007,4,1.25,
220,1076,3,29.99,89.97
221,1047,4,3.89,15.56
222,1029,2,10,20
223,1000,1,9.9,9.9
224,1018,3,4.99,14.97
225,1079,2,5.99,11.98
226,1056,3,3.75,11.25
227,1045,4,5.99,23.96
228,1065,1,5.99,5.99
229,1084,4,56.99,227.96
230,1077,1,34.5,34.5
231,1006,1,6,6
232,1077,3,34.5,103.5
233,1079,2,5.99,11.98
234,1007,4,1.25,5
235,1027,4,3.99,15.96
236,1075,1,35,35
237,1080,3,2.49,7.47
238,1066,1,3.76,3.76
239,1059,4,4,16
240,1056,3,3.75,11.25
241,1036,4,3.5,14
242,1070,1,3.99,3.99
243,1001,1,22,22
244,1086,4,15.9,63.6
245,1060,3,3.5,10.5
246,1057,4,2.99,11.96
247,1057,3,2.99,8.97
248,1033,3,2.32,6.96
249,1066,4,3.76,15.04
250,1053,4,1.5,6
251,1035,4,3.99,15.96
252,1056,2,3.75,7.5
253,1069,3,3.49,10.47
254,1038,4,4,16
255,1003,1,12,12
256,1030,3,8,24
257,1062,2,5.99,11.98
258,1031,1,1.99,1.99
259,1068,1,1.29,1.29
260,1082,1,29.99,
261,1030,2,8,16
262,1052,1,5.89,5.89
263,1047,3,3.89,11.67
264,1075,2,35,70
265,1002,3,1.99,5.97
266,1060,4,3.5,14
267,1014,2,8.99,17.98
268,1082,3,29.99,89.97
269,1044,4,3.99,15.96
270,1051,1,5.99,5.99
271,1056,2,3.75,7.5
272,1026,3,2,6
273,1020,4,2.5,10
274,1035,1,3.99,3.99
275,1010,4,11,44
276,1000,3,9.9,29.7
277,1043,2,3.25,6.5
278,1016,2,15,30
279,1017,2,7.5,15
280,1072,4,1.5,6
281,1012,3,7.95,23.85
282,1083,4,1.99,7.96
283,1040,1,5,5
284,1082,3,29.99,89.97
285,1000,3,9.9,29.7
286,1002,1,1.99,1.99
287,1061,1,5.99,5.99
288,1079,3,5.99,17.97
289,1055,1,3.99,3.99
290,1057,4,2.99,11.96
291,1012,1,7.95,7.95
292,1072,3,1.5,4.5
293,1005,1,2.5,2.5
294,1028,3,3.2,9.6
295,1021,1,3.99,3.99
296,1010,2,11,22
297,1016,3,15,45
298,1027,3,3.99,11.97
299,1077,3,34.5,103.5
300,1070,2,3.99,7.98
301,1068,4,1.29,5.16
302,1083,3,1.99,5.97
303,1033,3,2.32,6.96
304,1024,4,5.99,
305,1041,1,4.95,4.95
306,1058,3,3.89,11.67
307,1072,2,1.5,3
308,1017,4,7.5,30
309,1042,1,4.45,4.45
310,1011,3,5.99,17.97
311,1080,4,2.49,9.96
312,1037,2,3.45,6.9
313,1011,4,5.99,23.96
314,1057,3,2.99,8.97
315,1019,3,4.5,13.5
316,1017,3,7.5,22.5
317,1051,3,5.99,17.97
318,1039,2,4.99,9.98
319,1036,1,3.5,3.5
320,1079,2,5.99,11.98
321,1022,4,4.3,17.2
322,1060,4,3.5,14
323,1016,3,15,45
324,1075,3,35,105
325,1063,2,3.99,7.98
326,1044,4,3.99,15.96
327,1045,2,5.99,11.98
328,1072,3,1.5,4.5
329,1022,2,4.3,8.6
330,1048,3,8.99,26.97
331,1064,2,12.5,25
332,1042,2,4.45,8.9
333,1002,3,1.99,5.97
334,1075,1,35,35
335,1006,4,6,24
336,1048,3,8.99,26.97
337,1038,2,4,8
338,1064,2,12.5,25
339,1032,2,9.99,19.98
340,1010,4,11,44
341,1046,1,4.99,4.99
342,1007,3,1.25,3.75
343,1011,2,5.99,11.98
344,1023,3,22.5,67.5
345,1011,1,5.99,5.99
346,1043,3,3.25,9.75
347,1041,3,4.95,14.85
348,1068,3,1.29,3.87
349,1024,3,5.99,17.97
350,1054,3,1.5,4.5
351,1023,4,22.5,90
352,1019,4,4.5,
353,1007,1,1.25,1.25
354,1061,2,5.99,11.98
355,1013,4,13.5,54
356,1058,4,3.89,15.56
357,1077,3,34.5,103.5
358,1047,1,3.89,3.89
359,1086,4,15.9,63.6
360,1084,3,56.99,170.97
361,1025,3,4.99,14.97
362,1024,3,5.99,17.97
363,1020,3,2.5,7.5
364,1064,4,12.5,50
365,1068,2,1.29,2.58
366,1000,4,9.9,39.6
367,1065,2,5.99,11.98
368,1038,1,4,4
369,1045,3,5.99,17.97
370,1079,1,5.99,5.99
371,1006,1,6,6
372,1071,1,4.99,4.99
373,1035,2,3.99,7.98
374,1076,4,29.99,119.96
375,1005,1,2.5,2.5
376,1052,3,5.89,17.67
377,1033,1,2.32,2.32
378,1040,3,5,15
379,1046,2,4.99,9.98
380,1066,4,3.76,15.04
381,1023,2,22.5,45
382,1046,2,4.99,9.98
383,1043,1,3.25,3.25
384,1016,3,15,45
385,1023,4,22.5,90
386,1056,3,3.75,11.25
387,1039,3,4.99,14.97
388,1031,1,1.99,1.99
389,1079,4,,23.96
390,1045,1,5.99,5.99
391,1074,4,2.49,9.96
392,1038,2,4,
393,1079,3,5.99,17.97
394,1039,1,4.99,4.99
395,1068,4,1.29,5.16
396,1058,2,3.89,7.78
397,1038,4,4,16
398,1082,1,29.99,29.99
399,1062,4,5.99,23.96
400,1030,2,8,16
401,1044,2,3.99,7.98
402,1035,4,3.99,15.96
403,1017,1,7.5,7.5
404,1064,4,12.5,50
405,1033,1,2.32,2.32
406,1026,3,2,6
407,1013,4,13.5,54
408,1004,1,4,4
409,1065,1,5.99,5.99
410,1025,4,4.99,19.96
411,1074,2,2.49,4.98
412,1015,4,12,48
413,1065,4,5.99,23.96
414,1043,1,3.25,3.25
415,1072,1,1.5,1.5
416,1063,3,3.99,11.97
417,1033,3,2.32,6.96
418,1048,2,8.99,17.98
419,1031,2,1.99,3.98
420,1016,2,15,30
421,1029,1,10,10
422,1036,3,3.5,10.5
423,1038,1,4,4
424,1003,3,12,36
425,1016,1,15,15
426,1029,1,10,10
427,1060,2,3.5,7
428,1009,2,12.5,25
429,1084,1,56.99,56.99
430,1062,1,5.99,5.99
431,1081,1,11.5,11.5
432,1037,1,3.45,3.45
433,1047,4,3.89,15.56
434,1029,4,10,40
435,1071,4,4.99,19.96
436,1024,1,5.99,5.99
437,1019,3,4.5,13.5
438,1015,1,12,12
439,1030,1,8,8
440,1025,4,4.99,19.96
441,1049,3,5.99,17.97
442,1052,2,5.89,11.78
443,1086,4,15.9,63.6
444,1021,1,3.99,3.99
445,1065,1,5.99,5.99
446,1078,1,10.99,10.99
447,1082,4,29.99,119.96
448,1027,4,3.99,15.96
449,1033,2,,4.64
450,1050,3,3.5,10.5
451,1065,1,5.99,5.99
452,1064,4,12.5,50
453,1010,3,11,33
454,1043,3,3.25,9.75
455,1012,1,7.95,7.95
456,1042,1,4.45,4.45
457,1015,1,12,12
458,1052,3,5.89,17.67
459,1076,4,29.99,119.96
460,1031,2,1.99,3.98
461,1071,2,4.99,9.98
462,1061,2,5.99,
463,1065,4,5.99,23.96
464,1054,4,1.5,6
465,1075,1,35,35
466,1062,3,5.99,17.97
467,1008,3,8.5,25.5
468,1034,4,3.75,15
469,1016,2,15,30
470,1085,4,64.99,259.96
471,1057,2,2.99,5.98
472,1012,1,7.95,7.95
473,1058,4,3.89,15.56
474,1018,4,4.99,19.96
475,1084,1,56.99,56.99
476,1063,1,3.99,3.99
477,1018,2,4.99,9.98
478,1064,4,12.5,50
479,1084,2,56.99,113.98
480,1066,3,3.76,11.28
481,1068,2,1.29,2.58
482,1012,4,7.95,31.8
483,1006,3,6,18
484,1012,2,7.95,15.9
485,1085,3,64.99,194.97
486,1007,2,1.25,2.5
487,1017,1,7.5,7.5
488,1041,4,4.95,19.8
489,1055,1,3.99,3.99
490,1055,1,3.99,3.99
491,1067,1,2.99,2.99
492,1061,2,5.99,11.98
493,1031,4,,7.96
494,1006,4,6,24
495,1008,3,8.5,25.5
496,1084,3,56.99,170.97
497,1059,4,4,16
498,1086,1,15.9,15.9
499,1067,1,2.99,2.99
500,1011,4,5.99,23.96
501,1051,2,5.99,11.98
502,1000,2,9.9,19.8
503,1027,2,3.99,7.98
504,1043,4,3.25,13
505,1041,2,4.95,9.9
506,1077,3,34.5,103.5
507,1065,3,5.99,17.97
508,1069,1,3.49,3.49
509,1020,3,2.5,7.5
510,1044,3,3.99,11.97
511,1006,1,6,6
512,1041,4,4.95,19.8
513,1031,1,1.99,1.99
514,1042,2,4.45,8.9
515,1086,1,15.9,
516,1005,4,2.5,10
517,1029,3,10,30
518,1074,3,2.49,7.47
519,1008,2,8.5,17
520,1078,3,10.99,32.97
521,1079,4,5.99,23.96
522,1049,1,5.99,5.99
523,1039,3,4.99,14.97
524,1053,3,1.5,4.5
525,1009,3,12.5,37.5
526,1019,1,4.5,4.5
527,1041,3,4.95,14.85
528,1034,3,3.75,11.25
529,1065,1,5.99,5.99
530,1078,1,10.99,10.99
531,1007,4,1.25,5
532,1025,1,4.99,4.99
533,1050,4,3.5,14
534,1017,4,7.5,30
535,1022,4,4.3,17.2
536,1009,3,12.5,37.5
537,1073,3,1.5,4.5
538,1034,4,3.75,15
539,1042,2,4.45,8.9
540,1047,3,3.89,11.67
541,1066,1,3.76,3.76
542,1035,1,3.99,3.99
543,1036,1,3.5,3.5
544,1067,3,2.99,8.97
545,1037,3,3.45,10.35
546,1074,4,2.49,9.96
547,1042,4,4.45,17.8
548,1047,3,3.89,11.67
549,1021,1,3.99,3.99
550,1020,1,2.5,2.5
551,1029,4,10,40
552,1068,3,1.29,3.87
553,1012,3,7.95,23.85
554,1018,4,4.99,19.96
555,1061,3,5.99,17.97
556,1034,3,3.75,11.25
557,1044,3,3.99,11.97
558,1034,1,3.75,3.75
559,1064,4,12.5,50
560,1074,3,2.49,7.47
561,1006,2,6,12
562,1066,1,3.76,3.76
563,1043,2,3.25,
564,1030,3,8,24
565,1012,3,7.95,23.85
566,1057,2,2.99,5.98
567,1066,4,3.76,15.04
568,1051,2,5.99,11.98
569,1034,3,3.75,11.25
570,1078,2,10.99,21.98
571,1071,2,4.99,9.98
572,1005,1,2.5,2.5
573,1020,1,2.5,2.5
574,1077,1,,34.5
575,1055,3,3.99,11.97
576,1042,4,4.45,17.8
577,1079,3,5.99,17.97
578,1060,1,3.5,3.5
579,1054,2,1.5,3
580,1027,2,3.99,7.98
581,1026,3,2,6
582,1003,3,12,36
583,1082,2,29.99,59.98
584,1046,4,4.99,19.96
585,1066,3,3.76,11.28
586,1000,1,9.9,9.9
587,1079,3,5.99,17.97
588,1053,1,1.5,1.5
589,1044,4,3.99,15.96
590,1064,4,12.5,50
591,1023,4,22.5,90
592,1082,2,29.99,59.98
593,1001,3,22,66
594,1083,2,1.99,3.98
595,1070,4,3.99,15.96
596,1027,2,3.99,7.98
597,1034,1,3.75,3.75
598,1044,4,3.99,15.96
599,1026,4,2,8
600,1057,4,2.99,11.96
601,1019,1,4.5,4.5
602,1059,2,4,8
603,1025,1,4.99,
604,1066,3,3.76,11.28
605,1073,1,1.5,1.5
606,1048,2,8.99,17.98
607,1004,2,4,8
608,1004,4,4,16
609,1022,2,4.3,8.6
610,1054,2,1.5,3
611,1057,4,2.99,11.96
612,1011,1,5.99,5.99
613,1009,3,12.5,37.5
614,1008,4,8.5,34
615,1020,1,2.5,2.5
616,1034,4,3.75,15
617,1061,4,5.99,23.96
618,1038,4,4,16
619,1032,2,9.99,19.98
620,1059,1,4,4
621,1048,4,8.99,35.96
622,1034,4,3.75,15
623,1017,1,7.5,7.5
624,1010,4,11,44
625,1036,3,3.5,10.5
626,1076,2,29.99,59.98
627,1086,4,15.9,63.6
628,1035,3,3.99,11.97
629,1068,1,1.29,
630,1013,3,13.5,40.5
631,1034,3,3.75,11.25
632,1020,1,2.5,2.5
633,1082,4,29.99,119.96
634,1044,4,3.99,15.96
635,1009,2,12.5,25
636,1005,3,2.5,7.5
637,1071,1,4.99,4.99
638,1083,4,1.99,7.96
639,1005,3,2.5,7.5
640,1033,1,2.32,2.32
641,1041,4,4.95,19.8
642,1062,4,5.99,23.96
643,1085,3,64.99,194.97
644,1077,1,34.5,34.5
645,1024,1,5.99,5.99
646,1071,2,4.99,9.98
647,1001,4,22,88
648,1017,4,7.5,30
649,1063,4,3.99,15.96
650,1026,3,2,6
651,1017,2,7.5,15
652,1035,1,3.99,3.99
653,1080,1,2.49,2.49
654,1065,1,5.99,5.99
655,1012,2,7.95,15.9
656,1026,3,2,6
657,1040,1,5,5
658,1011,1,5.99,5.99
659,1030,2,8,
660,1020,3,2.5,7.5
661,1028,4,3.2,12.8
662,1059,3,4,12
663,1058,3,3.89,11.67
664,1042,3,4.45,13.35
665,1082,1,29.99,29.99
666,1001,3,22,66
667,1078,2,10.99,21.98
668,1013,4,13.5,54
669,1060,3,3.5,10.5
670,1042,3,4.45,13.35
671,1042,3,4.45,13.35
672,1035,4,3.99,15.96
673,1084,1,56.99,56.99
674,1057,4,2.99,11.96
675,1051,3,5.99,17.97
676,1046,4,4.99,19.96
677,1056,3,3.75,11.25
678,1012,2,7.95,15.9
679,1067,2,2.99,5.98
680,1033,1,2.32,2.32
681,1010,3,11,33
682,1067,1,2.99,2.99
683,1048,3,8.99,26.97
684,1064,3,12.5,37.5
685,1010,3,11,33
686,1035,4,3.99,15.96
687,1032,3,9.99,29.97
688,1056,2,3.75,7.5
689,1028,4,3.2,
690,1057,4,2.99,11.96
691,1071,1,4.99,4.99
692,1040,2,,10
693,1023,3,22.5,67.5
694,1030,3,8,24
695,1052,2,5.89,11.78
696,1008,3,8.5,25.5
697,1023,3,22.5,67.5
698,1073,4,1.5,6
699,1063,4,3.99,15.96
700,1066,3,3.76,11.28
701,1017,4,7.5,30
702,1031,3,1.99,5.97
703,1075,1,35,35
704,1064,3,12.5,37.5
705,1038,3,4,12
706,1032,3,9.99,29.97
707,1046,2,4.99,9.98
708,1040,1,5,5
709,1060,2,3.5,7
710,1086,4,15.9,63.6
711,1013,4,13.5,54
712,1073,1,1.5,1.5
713,1086,3,15.9,47.7
714,1070,2,3.99,7.98
715,1069,1,3.49,3.49
716,1075,2,35,70
717,1014,1,8.99,8.99
718,1080,4,2.49,9.96
719,1057,3,2.99,8.97
720,1076,3,29.99,89.97
721,1004,2,4,8
722,1044,4,3.99,
723,1045,2,5.99,11.98
724,1008,2,8.5,17
725,1054,3,1.5,4.5
726,1072,2,1.5,3
727,1025,1,4.99,4.99
728,1027,4,3.99,15.96
729,1006,1,6,6
730,1023,1,22.5,22.5
731,1063,3,3.99,11.97
732,1068,3,1.29,3.87
733,1012,2,7.95,15.9
734,1041,1,4.95,4.95
735,1009,1,12.5,12.5
736,1034,1,3.75,3.75
737,1013,2,13.5,27
738,1032,2,9.99,19.98
739,1052,3,5.89,17.67
740,1011,3,5.99,17.97
741,1067,2,2.99,5.98
742,1042,3,4.45,13.35
743,1050,1,3.5,3.5
744,1037,3,3.45,10.35
745,1017,1,7.5,7.5
746,1086,4,15.9,63.6
747,1053,1,1.5,1.5
748,1051,3,5.99,17.97
749,1008,4,8.5,34
750,1043,1,3.25,3.25
751,1022,2,4.3,8.6
752,1051,4,5.99,23.96
753,1035,3,3.99,11.97
754,1062,2,5.99,11.98
755,1078,3,10.99,
756,1011,4,5.99,23.96
757,1003,2,12,24
758,1082,1,29.99,29.99
759,1003,1,12,12
760,1085,1,64.99,64.99
761,1048,2,8.99,17.98
762,1054,2,1.5,3
763,1025,3,4.99,14.97
764,1039,2,4.99,9.98
765,1056,3,3.75,11.25
766,1029,4,10,40
767,1037,2,3.45,6.9
768,1069,3,3.49,10.47
769,1030,2,8,16
770,1019,2,4.5,9
771,1084,4,56.99,227.96
772,1068,1,1.29,1.29
773,1045,2,5.99,11.98
774,,2,3.49,6.98
775,1016,2,15,30
776,1050,2,3.5,7
777,1030,4,8,32
778,1034,2,3.75,7.5
779,1000,2,9.9,19.8
780,1030,4,8,32
781,1014,2,8.99,17.98
782,1043,1,3.25,3.25
783,1072,3,1.5,4.5
784,1048,2,8.99,17.98
785,1056,3,3.75,11.25
786,1000,1,9.9,9.9
787,1029,3,10,30
788,1007,1,1.25,
789,1067,4,2.99,11.96
790,1043,1,3.25,3.25
791,1018,1,4.99,4.99
792,1014,2,8.99,17.98
793,1072,3,1.5,4.5
794,1077,3,34.5,103.5
795,1034,1,3.75,3.75
796,1078,2,10.99,21.98
797,1079,2,5.99,11.98
798,,1,1.5,1.5
799,1077,2,34.5,69
800,1023,4,22.5,90
801,1069,1,3.49,3.49
802,1064,4,12.5,50
803,1080,1,2.49,2.49
804,1009,4,12.5,50
805,1023,4,22.5,90
806,1036,4,3.5,14
807,1003,3,12,36
808,1009,3,12.5,37.5
809,1012,1,7.95,7.95
810,1009,1,12.5,12.5
811,1073,4,1.5,6
812,1037,3,3.45,10.35
813,1071,4,4.99,19.96
814,1008,4,8.5,34
815,1073,1,1.5,1.5
816,1009,4,12.5,50
817,1049,4,5.99,23.96
818,1077,2,34.5,69
819,1016,1,15,15
820,1054,2,1.5,3
821,1033,1,2.32,2.32
822,1012,2,7.95,15.9
823,1025,3,4.99,14.97
824,1035,2,3.99,7.98
825,1063,3,3.99,11.97
826,1069,1,3.49,3.49
827,1014,3,8.99,26.97
828,1085,3,64.99,194.97
829,,4,11.5,46
830,1057,1,2.99,2.99
831,1035,3,3.99,11.97
832,1051,2,5.99,11.98
833,1010,2,11,22
834,1050,3,3.5,10.5
835,1044,1,3.99,3.99
836,1045,2,5.99,11.98
837,1022,1,4.3,4.3
838,1019,3,4.5,13.5
839,1021,3,3.99,11.97
840,1069,4,3.49,13.96
841,1081,4,11.5,46
842,1002,1,1.99,1.99
843,1083,3,1.99,5.97
844,1029,4,10,40
845,1084,4,56.99,227.96
846,1000,4,9.9,39.6
847,1075,3,35,105
848,1064,2,12.5,25
849,1028,4,3.2,12.8
850,1066,3,3.76,11.28
851,1083,1,1.99,1.99
852,1068,4,1.29,5.16
853,1034,3,3.75,11.25
854,1070,1,3.99,3.99
855,1017,2,7.5,15
856,1035,3,3.99,11.97
857,,1,3.5,3.5
858,1063,4,3.99,15.96
859,1043,2,3.25,6.5
860,1053,3,1.5,4.5
861,1026,1,2,2
862,1021,4,3.99,15.96
863,1083,3,1.99,5.97
864,1063,2,3.99,7.98
865,1050,3,3.5,10.5
866,1002,4,1.99,7.96
867,1084,1,56.99,56.99
868,1033,2,2.32,4.64
869,1032,1,9.99,9.99
870,1009,1,12.5,12.5
871,1005,4,2.5,10
872,1057,3,2.99,8.97
873,1074,4,2.49,9.96
874,1011,1,5.99,5.99
875,1038,4,4,16
876,1028,4,3.2,12.8
877,1079,3,5.99,17.97
878,1072,3,1.5,4.5
879,1076,1,29.99,29.99
880,,2,34.5,69
881,,1,1.5,1.5
882,1021,4,3.99,15.96
883,1064,2,12.5,25
884,1047,4,3.89,15.56
885,1059,2,4,8
886,1070,2,3.99,7.98
887,1040,4,5,20
888,1058,1,3.89,3.89
889,1047,1,3.89,3.89
890,1004,2,4,8
891,1066,4,3.76,15.04
892,1031,1,1.99,1.99
893,1039,2,4.99,9.98
894,1052,4,5.89,23.56
895,1043,2,3.25,6.5
896,1072,2,1.5,3
897,1076,3,29.99,89.97
898,1006,3,6,18
899,1027,1,3.99,3.99
900,1007,2,1.25,2.5
901,1014,3,8.99,26.97
902,1018,4,4.99,19.96
903,1084,3,56.99,170.97
904,1065,4,5.99,23.96
905,1015,2,12,24
906,1008,1,8.5,8.5
907,1028,1,3.2,3.2
908,1040,3,5,15
909,1039,2,4.99,9.98
910,1074,2,2.49,4.98
911,1070,3,3.99,11.97
912,1082,3,29.99,89.97
913,1082,3,29.99,89.97
914,1008,3,8.5,25.5
915,1058,3,3.89,11.67
916,1019,4,4.5,18
917,1027,1,3.99,3.99
918,1034,1,3.75,3.75
919,1076,1,29.99,29.99
920,1082,4,29.99,119.96
921,1005,2,2.5,5
922,1065,3,5.99,17.97
923,1066,2,3.76,7.52
924,1034,3,3.75,11.25
925,1009,4,12.5,50
926,1081,4,11.5,46
927,1080,4,2.49,9.96
928,1004,4,4,16
929,1003,1,12,12
930,1034,4,3.75,15
931,,1,3.5,3.5
932,1028,3,3.2,9.6
933,1030,3,8,24
934,1071,2,4.99,9.98
935,1008,1,8.5,8.5
936,1029,1,10,10
937,1055,3,3.99,11.97
938,1059,4,4,16
939,1045,1,5.99,5.99
940,1032,4,9.99,39.96
941,1018,2,4.99,9.98
942,1050,4,3.5,14
943,1045,3,5.99,17.97
944,1079,1,5.99,5.99
945,1053,2,1.5,3
946,1002,1,1.99,1.99
947,1044,3,3.99,11.97
948,1062,4,5.99,23.96
949,1076,3,29.99,89.97
950,1013,2,13.5,27
951,1012,3,7.95,23.85
952,1026,1,2,2
953,1058,1,3.89,3.89
954,1012,3,7.95,23.85
955,1028,2,3.2,6.4
956,1075,2,35,70
957,1076,1,29.99,29.99
958,1042,3,4.45,13.35
959,1058,2,3.89,7.78
960,1077,1,34.5,34.5
961,1057,3,2.99,8.97
962,1070,1,3.99,3.99
963,1055,3,3.99,11.97
964,1065,2,5.99,11.98
965,1003,3,12,36
966,1058,1,3.89,3.89
967,1038,4,4,16
968,1003,1,12,12
969,1072,2,1.5,3
970,,3,15.9,47.7
971,1075,2,35,70
972,1030,3,8,24
973,1063,4,3.99,15.96
974,1055,2,3.99,7.98
975,1015,1,12,12
976,1042,3,4.45,13.35
977,1003,4,12,48
978,1085,3,64.99,194.97
979,1080,1,2.49,2.49
980,1031,1,1.99,1.99
981,1068,1,1.29,1.29
982,1005,4,2.5,10
983,1070,1,3.99,3.99
984,1007,3,1.25,3.75
985,1035,1,3.99,3.99
986,1003,1,12,12
987,1032,2,9.99,19.98
988,1015,3,12,36
989,1044,1,3.99,3.99
990,1017,3,7.5,22.5
991,1072,3,1.5,4.5
992,1015,4,12,48
993,1063,1,3.99,3.99
994,1000,1,9.9,9.9
995,1062,2,5.99,11.98
996,,1,12,12
997,1064,4,12.5,50
998,1036,1,3.5,3.5
999,1032,1,9.99,9.99
1000,1025,3,4.99,14.97
1001,1073,1,1.5,1.5
1002,1073,3,1.5,4.5
1003,1024,3,5.99,17.97
1004,1052,4,5.89,23.56
1005,1034,3,3.75,11.25
1006,1010,3,11,33
1007,1083,3,1.99,5.97
1008,1030,3,8,24
1009,1084,4,56.99,227.96
1010,1001,2,22,44
1011,1073,3,1.5,4.5
1012,1016,4,15,60
1013,1066,1,3.76,3.76
1014,1069,3,3.49,10.47
1015,1001,2,22,44
1016,1043,4,3.25,13
1017,1063,2,3.99,7.98
1018,,1,7.95,7.95
1019,1037,4,3.45,13.8
1020,1014,3,8.99,26.97
1021,1067,3,2.99,8.97
1022,1057,3,2.99,8.97
1023,1060,4,3.5,14
1024,1054,4,1.5,6
1025,1025,4,4.99,19.96
1026,1069,2,3.49,6.98
1027,1042,1,4.45,4.45
1028,1077,4,34.5,138
1029,1072,3,1.5,4.5
1030,1078,3,10.99,32.97
1031,1066,1,3.76,3.76
1032,1017,1,7.5,7.5
1033,1010,4,11,44
1034,1008,2,8.5,17
1035,1015,3,12,36
1036,1046,2,4.99,9.98
1037,1009,1,12.5,12.5
1038,1061,1,5.99,5.99
1039,1018,1,4.99,4.99
1040,1033,3,2.32,6.96
1041,1014,2,8.99,17.98
1042,1028,2,3.2,6.4
1043,1065,3,5.99,17.97
1044,1013,3,13.5,40.5
1045,1010,2,11,22
1046,1021,2,3.99,7.98
1047,1007,2,1.25,2.5
1048,1002,2,1.99,3.98
1049,1075,1,35,35
1050,1078,1,10.99,10.99
1051,1083,1,1.99,1.99
1052,1038,1,4,4
1053,1022,2,4.3,8.6
1054,1029,4,10,40
1055,1011,3,5.99,17.97
1056,1042,2,4.45,8.9
1057,1015,3,12,36
1058,1051,1,5.99,5.99
1059,1071,4,4.99,19.96
1060,1084,1,56.99,56.99
1061,1066,2,3.76,7.52
1062,1047,1,3.89,3.89
1063,1011,1,5.99,5.99
1064,1051,4,5.99,23.96
1065,1029,2,10,20
1066,1017,2,7.5,15
1067,1024,3,5.99,17.97
1068,1020,1,2.5,2.5
1069,1069,4,3.49,13.96
1070,1015,3,12,36
1071,1078,2,10.99,21.98
1072,1063,2,3.99,7.98
1073,1019,3,4.5,13.5
1074,1074,1,2.49,2.49
1075,1068,4,1.29,5.16
1076,1037,3,3.45,10.35
1077,1078,2,10.99,21.98
1078,1021,1,3.99,3.99
1079,1011,4,5.99,23.96
1080,1012,3,7.95,23.85
1081,1024,4,5.99,23.96
1082,1082,4,29.99,119.96
1083,1014,1,8.99,8.99
1084,1082,1,29.99,29.99
1085,1048,1,8.99,8.99
1086,1043,4,3.25,13
1087,1083,1,1.99,1.99
1088,1049,4,5.99,23.96
1089,1020,2,2.5,5
1090,1005,4,2.5,10
1091,1064,2,12.5,25
1092,1073,2,1.5,3
1093,1061,4,5.99,23.96
1094,1050,3,3.5,10.5
1095,1065,1,5.99,5.99
1096,1051,1,5.99,5.99
1097,1001,1,22,22
1098,1070,1,3.99,3.99
1099,1081,4,11.5,46
1100,1025,4,4.99,19.96
1101,1005,1,2.5,2.5
1102,1025,2,4.99,9.98
1103,1053,1,1.5,1.5
1104,1079,2,5.99,11.98
1105,1050,1,3.5,3.5
1106,1012,4,7.95,31.8
1107,1027,1,3.99,3.99
1108,1051,4,5.99,23.96
1109,1048,2,8.99,17.98
1110,1032,1,9.99,9.99
1111,1001,2,22,44
1112,1050,1,3.5,3.5
1113,1000,3,9.9,29.7
1114,1034,4,3.75,15
1115,1006,3,6,18
1116,1036,1,3.5,3.5
1117,1008,4,8.5,34
1118,1028,3,3.2,9.6
1119,1029,3,10,30
1120,1079,3,5.99,17.97
1121,1042,2,4.45,8.9
1122,1012,1,7.95,7.95
1123,1020,2,2.5,5
1124,1082,1,29.99,29.99
1125,1069,4,3.49,13.96
1126,1080,1,2.49,2.49
1127,1025,2,4.99,9.98
1128,1078,4,10.99,43.96
1129,1072,2,1.5,3
1130,1021,2,3.99,7.98
1131,1063,4,3.99,15.96
1132,1052,1,5.89,5.89
1133,1015,4,12,48
1134,1047,2,3.89,7.78
1135,1057,4,2.99,11.96
1136,1058,4,3.89,15.56
1137,1030,3,8,24
1138,1065,3,5.99,17.97
1139,1081,4,11.5,46
1140,1006,4,6,24
1141,1004,3,4,12
1142,1055,2,3.99,7.98
1143,1036,3,3.5,10.5
1144,1028,4,3.2,12.8
1145,1085,3,64.99,194.97
1146,1041,4,4.95,19.8
1147,1048,3,8.99,26.97
1148,1049,4,5.99,23.96
1149,1060,4,3.5,14
1150,1060,4,3.5,14
1151,1041,4,4.95,19.8
1152,1058,4,3.89,15.56
1153,1030,4,8,32
1154,1079,2,5.99,11.98
1155,1006,4,6,24
1156,1063,1,3.99,3.99
1157,1040,1,5,5
1158,1059,4,4,16
1159,1014,4,8.99,35.96
1160,1010,1,11,11
1161,1040,1,5,5
1162,1013,1,13.5,13.5
1163,1018,3,4.99,14.97
1164,1043,4,3.25,13
1165,1051,1,5.99,5.99
1166,1006,1,6,6
1167,1025,3,4.99,14.97
1168,1067,4,2.99,11.96
1169,1051,4,5.99,23.96
1170,1056,3,3.75,11.25
1171,1070,2,3.99,7.98
1172,1086,1,15.9,15.9
1173,1086,4,15.9,63.6
1174,1041,1,4.95,4.95
1175,1001,3,22,66
1176,1078,1,10.99,10.99
1177,1008,2,8.5,17
1178,1067,3,2.99,8.97
1179,1077,3,34.5,103.5
1180,1075,1,35,35
1181,1019,3,4.5,13.5
1182,1070,3,3.99,11.97
1183,1066,1,3.76,3.76
1184,1054,1,1.5,1.5
1185,1045,4,5.99,23.96
1186,1069,2,3.49,6.98
1187,1007,4,1.25,5
1188,1026,1,2,2
1189,1086,1,15.9,15.9
1190,1029,2,10,20
1191,1026,3,2,6
1192,1032,3,9.99,29.97
1193,1024,2,5.99,11.98
1194,1076,4,29.99,119.96
1195,1086,2,15.9,31.8
1196,1032,3,9.99,29.97
1197,1030,4,8,32
1198,1047,1,3.89,3.89
1199,1049,3,5.99,17.97
1200,1040,2,5,10
1201,1076,4,29.99,119.96
1202,1014,2,8.99,17.98
1203,1028,4,3.2,12.8
1204,1065,2,5.99,11.98
1205,1085,1,64.99,64.99
1206,1061,1,5.99,5.99
1207,1048,3,8.99,26.97
1208,1004,2,4,8
1209,1029,3,10,30
1210,1078,4,10.99,43.96
1211,1001,3,22,66
1212,1048,4,8.99,35.96
1213,1034,2,3.75,7.5
1214,1001,4,22,88
1215,1026,1,2,2
1216,1035,4,3.99,15.96
1217,1032,2,9.99,19.98
1218,1075,4,35,140
1219,1079,2,5.99,11.98
1220,1007,2,1.25,2.5
1221,1038,3,4,12
1222,1077,3,34.5,103.5
1223,1051,2,5.99,11.98
1224,1002,2,1.99,3.98
1225,1047,1,3.89,3.89
1226,1019,2,4.5,9
1227,1085,2,64.99,129.98
1228,1082,2,29.99,59.98
1229,1081,3,11.5,34.5
1230,1076,1,29.99,29.99
1231,1075,4,35,140
1232,1034,1,3.75,3.75
1233,1060,2,3.5,7
1234,1077,4,34.5,138
1235,1004,3,4,12
1236,1055,4,3.99,15.96
1237,1067,2,2.99,5.98
1238,1029,1,10,10
1239,1064,1,12.5,12.5
1240,1016,4,15,60
1241,1054,2,1.5,3
1242,1023,3,22.5,67.5
1243,1061,1,5.99,5.99
1244,1036,1,3.5,3.5
1245,1022,3,4.3,12.9
1246,1007,4,1.25,5
1247,1038,2,4,8
1248,1086,1,15.9,15.9
1249,1057,1,2.99,2.99
1250,1036,4,3.5,14
1251,1004,4,4,16
1252,1059,4,4,16
1253,1017,1,7.5,7.5
1254,1081,1,11.5,11.5
1255,1083,2,1.99,3.98
1256,1004,1,4,4
1257,1004,2,4,8
1258,1044,3,3.99,11.97
1259,1033,4,2.32,9.28
1260,1032,2,9.99,19.98
1261,1003,4,12,48
1262,1020,2,2.5,5
1263,1040,4,5,20
1264,1056,1,3.75,3.75
1265,1071,4,4.99,19.96
1266,1019,2,4.5,9
1267,1043,2,3.25,6.5
1268,1048,2,8.99,17.98
1269,1021,2,3.99,7.98
1270,1017,2,7.5,15
1271,1049,4,5.99,23.96
1272,1060,2,3.5,7
1273,1041,1,4.95,4.95
1274,1001,2,22,44
1275,1041,4,4.95,19.8
1276,1083,2,1.99,3.98
1277,1030,4,8,32
1278,1000,4,9.9,39.6
1279,1057,3,2.99,8.97
1280,1068,2,1.29,2.58
1281,1067,3,2.99,8.97
1282,1042,2,4.45,8.9
1283,1044,3,3.99,11.97
1284,1041,1,4.95,4.95
1285,1028,2,3.2,6.4
1286,1045,2,5.99,11.98
1287,1041,2,4.95,9.9
1288,1082,1,29.99,29.99
1289,1086,2,15.9,31.8
1290,1013,2,13.5,27
1291,1041,3,4.95,14.85
1292,1012,2,7.95,15.9
1293,1041,1,4.95,4.95
1294,1077,1,34.5,34.5
1295,1035,3,3.99,11.97
1296,1024,3,5.99,17.97
1297,1064,3,12.5,37.5
1298,1066,1,3.76,3.76
1299,1014,3,8.99,26.97
1300,1000,2,9.9,19.8
1301,1049,4,5.99,23.96
1302,1053,2,1.5,3
1303,1077,2,34.5,69
1304,1029,4,10,40
1305,1031,3,1.99,5.97
1306,1052,3,5.89,17.67
1307,1056,2,3.75,7.5
1308,1029,3,10,30
1309,1033,3,2.32,6.96
1310,1059,2,4,8
1311,1060,2,3.5,7
1312,1017,4,7.5,30
1313,1027,3,3.99,11.97
1314,1053,4,1.5,6
1315,1016,2,15,30
1316,1020,4,2.5,10
1317,1063,4,3.99,15.96
1318,1039,2,4.99,9.98
1319,1008,2,8.5,17
1320,1051,4,5.99,23.96
1321,1028,2,3.2,6.4
1322,1009,3,12.5,37.5
1323,1013,2,13.5,27
1324,1049,4,5.99,23.96
1325,1042,4,4.45,17.8
1326,1045,3,5.99,17.97
1327,1036,1,3.5,3.5
1328,1021,1,3.99,3.99
1329,1039,1,4.99,4.99
1330,1046,3,4.99,14.97
1331,1079,4,5.99,23.96
1332,1030,1,8,8
1333,1027,2,3.99,7.98
1334,1052,4,5.89,23.56
1335,1005,1,2.5,2.5
1336,1009,3,12.5,37.5
1337,1015,2,12,24
1338,1069,1,3.49,3.49
1339,1066,4,3.76,15.04
1340,1000,3,9.9,29.7
1341,1048,4,8.99,35.96
1342,1055,4,3.99,15.96
1343,1042,1,4.45,4.45
1344,1059,3,4,12
1345,1048,3,8.99,26.97
1346,1010,2,11,22
1347,1022,2,4.3,8.6
1348,1073,4,1.5,6
1349,1028,4,3.2,12.8
1350,1042,3,4.45,13.35
1351,1073,1,1.5,1.5
1352,1065,4,5.99,23.96
1353,1035,3,3.99,11.97
1354,1082,3,29.99,89.97
1355,1035,3,3.99,11.97
1356,1067,1,2.99,2.99
1357,1049,4,5.99,23.96
1358,1009,2,12.5,25
1359,1048,4,8.99,35.96
1360,1068,1,1.29,1.29
1361,1012,2,7.95,15.9
1362,1037,4,3.45,13.8
1363,1067,2,2.99,5.98
1364,1075,2,35,70
1365,1066,1,3.76,3.76
1366,1023,4,22.5,90
1367,1027,3,3.99,11.97
1368,1022,2,4.3,8.6
1369,1017,3,7.5,22.5
1370,1081,4,11.5,46
1371,1032,4,9.99,39.96
1372,1029,2,10,20
1373,1008,1,8.5,8.5
1374,1071,1,4.99,4.99
1375,1009,1,12.5,12.5
1376,1071,3,4.99,14.97
1377,1041,2,4.95,9.9
1378,1054,4,1.5,6
1379,1013,4,13.5,54
1380,1012,2,7.95,15.9
1381,1051,2,5.99,11.98
1382,1045,3,5.99,17.97
1383,1059,1,4,4
1384,1029,4,10,40
1385,1077,2,34.5,69
1386,1027,3,3.99,11.97
1387,1007,3,1.25,3.75
1388,1017,4,7.5,30
1389,1029,3,10,30
1390,1049,1,5.99,5.99
1391,1079,4,5.99,23.96
1392,1075,3,35,105
1393,1078,4,10.99,43.96
1394,1020,1,2.5,2.5
1395,1054,4,1.5,6
1396,1044,3,3.99,11.97
1397,1073,4,1.5,6
1398,1042,2,4.45,8.9
1399,1068,1,1.29,1.29
1400,1022,3,4.3,12.9
1401,1038,1,4,4
1402,1040,1,5,5
1403,1062,3,5.99,17.97
1404,1079,4,5.99,23.96
1405,1030,3,8,24
1406,1055,1,3.99,3.99
1407,1035,1,3.99,3.99
1408,1055,2,3.99,7.98
1409,1004,1,4,4
1410,1042,2,4.45,8.9
1411,1040,4,5,20
1412,1038,1,4,4
1413,1019,1,4.5,4.5
1414,1038,1,4,4
1415,1045,2,5.99,11.98
1416,1024,4,5.99,23.96
1417,1036,1,3.5,3.5
1418,1076,3,29.99,89.97
1419,1062,4,5.99,23.96
1420,1010,2,11,22
1421,1032,2,9.99,19.98
1422,1026,1,2,2
1423,1085,1,64.99,64.99
1424,1008,4,8.5,34
1425,1058,4,3.89,15.56
1426,1073,3,1.5,4.5
1427,1058,3,3.89,11.67
1428,1026,2,2,4
1429,1045,1,5.99,5.99
1430,1025,4,4.99,19.96
1431,1049,1,5.99,5.99
1432,1005,3,2.5,7.5
1433,1013,3,13.5,40.5
1434,1079,4,5.99,23.96
1435,1077,1,34.5,34.5
1436,1021,2,3.99,7.98
1437,1083,2,1.99,3.98
1438,1067,2,2.99,5.98
1439,1061,2,5.99,11.98
1440,1040,4,5,20
1441,1027,1,3.99,3.99
1442,1056,2,3.75,7.5
1443,1056,4,3.75,15
1444,1035,1,3.99,3.99
1445,1014,3,8.99,26.97
1446,1004,3,4,12
1447,1014,3,8.99,26.97
1448,1084,3,56.99,170.97
1449,1006,3,6,18
1450,1024,2,5.99,11.98
1451,1036,1,3.5,3.5
1452,1061,3,5.99,17.97
1453,1049,1,5.99,5.99
1454,1079,2,5.99,11.98
1455,1052,2,5.89,11.78
1456,1052,4,5.89,23.56
1457,1050,3,3.5,10.5
1458,1026,1,2,2
1459,1011,4,5.99,23.96
1460,1013,1,13.5,13.5
1461,1067,4,2.99,11.96
1462,1066,3,3.76,11.28
1463,1053,4,1.5,6
1464,1020,1,2.5,2.5
1465,1072,4,1.5,6
1466,1077,3,34.5,103.5
1467,1019,2,4.5,9
1468,1032,3,9.99,29.97
1469,1049,4,5.99,23.96
1470,1056,1,3.75,3.75
1471,1064,3,12.5,37.5
1472,1056,3,3.75,11.25
1473,1034,2,3.75,7.5
1474,1030,4,8,32
1475,1022,4,4.3,17.2
1476,1000,1,9.9,9.9
1477,1045,4,5.99,23.96
1478,1035,4,3.99,15.96
1479,1064,4,12.5,50
1480,1071,3,4.99,14.97
1481,1033,1,2.32,2.32
1482,1013,1,13.5,13.5
1483,1036,1,3.5,3.5
1484,1081,1,11.5,11.5
1485,1025,1,4.99,4.99
1486,1048,2,8.99,17.98
1487,1046,1,4.99,4.99
1488,1062,1,5.99,5.99
1489,1081,3,11.5,34.5
1490,1010,4,11,44
1491,1060,1,3.5,3.5
1492,1038,2,4,8
1493,1028,4,3.2,12.8
1494,1013,1,13.5,13.5
1495,1055,3,3.99,11.97
1496,1019,3,4.5,13.5
1497,1038,1,4,4
1498,1034,3,3.75,11.25
1499,1028,2,3.2,6.4
1500,1048,4,8.99,35.96
1501,1070,1,3.99,3.99
1502,1018,3,4.99,14.97
1503,1005,3,2.5,7.5
1504,1052,4,5.89,23.56
1505,1024,2,5.99,11.98
1506,1074,2,2.49,4.98
1507,1055,3,3.99,11.97
1508,1079,1,5.99,5.99
1509,1002,4,1.99,7.96
1510,1064,1,12.5,12.5
1511,1085,2,64.99,129.98
1512,1008,4,8.5,34
1513,1066,4,3.76,15.04
1514,1047,3,3.89,11.67
1515,1066,4,3.76,15.04
1516,1031,2,1.99,3.98
1517,1082,4,29.99,119.96
1518,1058,4,3.89,15.56
1519,1051,3,5.99,17.97
1520,1054,1,1.5,1.5
1521,1045,4,5.99,23.96
1522,1077,1,34.5,34.5
1523,1037,4,3.45,13.8
1524,1027,2,3.99,7.98
1525,1070,2,3.99,7.98
1526,1018,4,4.99,19.96
1527,1024,3,5.99,17.97
1528,1029,4,10,40
1529,1061,3,5.99,17.97
1530,1062,2,5.99,11.98
1531,1042,4,4.45,17.8
1532,1058,4,3.89,15.56
1533,1030,2,8,16
1534,1066,1,3.76,3.76
1535,1050,4,3.5,14
1536,1066,2,3.76,7.52
1537,1054,3,1.5,4.5
1538,1065,2,5.99,11.98
1539,1034,2,3.75,7.5
1540,1055,4,3.99,15.96
1541,1032,3,9.99,29.97
1542,1042,3,4.45,13.35
1543,1040,4,5,20
1544,1066,2,3.76,7.52
1545,1034,3,3.75,11.25
1546,1006,3,6,18
1547,1054,4,1.5,6
1548,1020,4,2.5,10
1549,1012,1,7.95,7.95
1550,1078,1,10.99,10.99
1551,1018,1,4.99,4.99
1552,1033,3,2.32,6.96
1553,1027,2,3.99,7.98
1554,1072,3,1.5,4.5
1555,1053,1,1.5,1.5
1556,1038,3,4,12
1557,1071,2,4.99,9.98
1558,1062,3,5.99,17.97
1559,1057,2,2.99,5.98
1560,1063,4,3.99,15.96
1561,1044,2,3.99,7.98
1562,1052,3,5.89,17.67
1563,1000,4,9.9,39.6
1564,1049,4,5.99,23.96
1565,1016,1,15,15
1566,1084,2,56.99,113.98
1567,1060,4,3.5,14
1568,1069,3,3.49,10.47
1569,1073,3,1.5,4.5
1570,1084,2,56.99,113.98
1571,1068,2,1.29,2.58
1572,1048,2,8.99,17.98
1573,1033,4,2.32,9.28
1574,1058,2,3.89,7.78
1575,1066,2,3.76,7.52
1576,1019,1,4.5,4.5
1577,1042,3,4.45,13.35
1578,1072,4,1.5,6
1579,1026,4,2,8
1580,1083,3,1.99,5.97
1581,1006,2,6,12
1582,1048,1,8.99,8.99
1583,1031,2,1.99,3.98
1584,1058,2,3.89,7.78
1585,1007,1,1.25,1.25
1586,1062,4,5.99,23.96
1587,1066,4,3.76,15.04
1588,1041,4,4.95,19.8
1589,1017,2,7.5,15
1590,1047,3,3.89,11.67
1591,1023,4,22.5,90
1592,1005,1,2.5,2.5
1593,1075,3,35,105
1594,1070,4,3.99,15.96
1595,1032,2,9.99,19.98
1596,1028,3,3.2,9.6
1597,1018,2,4.99,9.98
1598,1040,4,5,20
1599,1053,2,1.5,3
1600,1062,4,5.99,23.96
1601,1051,4,5.99,23.96
1602,1075,4,35,140
1603,1016,2,15,30
1604,1061,1,5.99,5.99
1605,1008,1,8.5,8.5
1606,1049,4,5.99,23.96
1607,1043,4,3.25,13
1608,1069,4,3.49,13.96
1609,1069,3,3.49,10.47
1610,1031,1,1.99,1.99
1611,1009,3,12.5,37.5
1612,1065,2,5.99,11.98
1613,1005,3,2.5,7.5
1614,1027,1,3.99,3.99
1615,1009,3,12.5,37.5
1616,1026,4,2,8
1617,1035,1,3.99,3.99
1618,1059,3,4,12
1619,1025,1,4.99,4.99
1620,1033,2,2.32,4.64
1621,1082,1,29.99,29.99
1622,1072,3,1.5,4.5
1623,1023,2,22.5,45
1624,1066,4,3.76,15.04
1625,1001,4,22,88
1626,1012,2,7.95,15.9
1627,1051,2,5.99,11.98
1628,1001,1,22,22
1629,1028,4,3.2,12.8
1630,1021,2,3.99,7.98
1631,1067,1,2.99,2.99
1632,1038,2,4,8
1633,1031,4,1.99,7.96
1634,1075,2,35,70
1635,1037,3,3.45,10.35
1636,1036,4,3.5,14
1637,1060,1,3.5,3.5
1638,1066,3,3.76,11.28
1639,1003,1,12,12
1640,1015,1,12,12
1641,1037,4,3.45,13.8
1642,1068,4,1.29,5.16
1643,1074,3,2.49,7.47
1644,1042,2,4.45,8.9
1645,1036,2,3.5,7
1646,1020,2,2.5,5
1647,1032,3,9.99,29.97
1648,1057,4,2.99,11.96
1649,1015,2,12,24
1650,1054,1,1.5,1.5
1651,1005,1,2.5,2.5
1652,1043,1,3.25,3.25
1653,1050,3,3.5,10.5
1654,1058,1,3.89,3.89
1655,1044,4,3.99,15.96
1656,1046,3,4.99,14.97
1657,1034,4,3.75,15
1658,1014,1,8.99,8.99
1659,1070,2,3.99,7.98
1660,1062,1,5.99,5.99
1661,1002,2,1.99,3.98
1662,1085,2,64.99,129.98
1663,1000,2,9.9,19.8
1664,1010,1,11,11
1665,1075,1,35,35
1666,1055,4,3.99,15.96
1667,1076,3,29.99,89.97
1668,1045,2,5.99,11.98
1669,1080,4,2.49,9.96
1670,1043,2,3.25,6.5
1671,1008,1,8.5,8.5
1672,1032,3,9.99,29.97
1673,1030,3,8,24
1674,1018,4,4.99,19.96
1675,1052,4,5.89,23.56
1676,1083,1,1.99,1.99
1677,1050,4,3.5,14
1678,1004,1,4,4
1679,1073,2,1.5,3
1680,1047,1,3.89,3.89
1681,1007,1,1.25,1.25
1682,1037,1,3.45,3.45
1683,1039,1,4.99,4.99
1684,1017,2,7.5,15
1685,1000,3,9.9,29.7
1686,1033,1,2.32,2.32
1687,1018,2,4.99,9.98
1688,1069,4,3.49,13.96
1689,1036,3,3.5,10.5
1690,1004,4,4,16
1691,1026,3,2,6
1692,1058,4,3.89,15.56
1693,1004,2,4,8
1694,1063,4,3.99,15.96
1695,1080,4,2.49,9.96
1696,1061,2,5.99,11.98
1697,1075,4,35,140
1698,1073,3,1.5,4.5
1699,1008,2,8.5,17
1700,1030,2,8,16
1701,1063,1,3.99,3.99
1702,1034,3,3.75,11.25
1703,1080,3,2.49,7.47
1704,1057,1,2.99,2.99
1705,1019,4,4.5,18
1706,1080,1,2.49,2.49
1707,1019,2,4.5,9
1708,1023,1,22.5,22.5
1709,1053,1,1.5,1.5
1710,1075,3,35,105
1711,1045,2,5.99,11.98
1712,1039,2,4.99,9.98
1713,1069,3,3.49,10.47
1714,1005,3,2.5,7.5
1715,1020,3,2.5,7.5
1716,1006,1,6,6
1717,1003,2,12,24
1718,1002,2,1.99,3.98
1719,1070,3,3.99,11.97
1720,1000,3,9.9,29.7
1721,1077,4,34.5,138
1722,1032,2,9.99,19.98
1723,1063,1,3.99,3.99
1724,1024,1,5.99,5.99
1725,1009,1,12.5,12.5
1726,1083,3,1.99,5.97
1727,1003,4,12,48
1728,1085,1,64.99,64.99
1729,1004,3,4,12
1730,1059,3,4,12
1731,1070,4,3.99,15.96
1732,1031,3,1.99,5.97
1733,1075,1,35,35
1734,1058,1,3.89,3.89
1735,1060,1,3.5,3.5
1736,1080,3,2.49,7.47
1737,1026,2,2,4
1738,1045,3,5.99,17.97
1739,1053,1,1.5,1.5
1740,1005,4,2.5,10
1741,1034,3,3.75,11.25
1742,1013,1,13.5,13.5
1743,1054,1,1.5,1.5
1744,1028,2,3.2,6.4
1745,1024,4,5.99,23.96
1746,1056,4,3.75,15
1747,1005,1,2.5,2.5
1748,1041,1,4.95,4.95
1749,1029,2,10,20
1750,1003,4,12,48
1751,1016,1,15,15
1752,1003,2,12,24
1753,1057,1,2.99,2.99
1754,1081,2,11.5,23
1755,1049,4,5.99,23.96
1756,1045,2,5.99,11.98
1757,1013,3,13.5,40.5
1758,1045,3,5.99,17.97
1759,1016,1,15,15
1760,1014,3,8.99,26.97
1761,1051,4,5.99,23.96
1762,1063,1,3.99,3.99
1763,1085,2,64.99,129.98
1764,1085,1,64.99,64.99
1765,1012,2,7.95,15.9
1766,1071,1,4.99,4.99
1767,1077,3,34.5,103.5
1768,1083,4,1.99,7.96
1769,1043,1,3.25,3.25
1770,1001,4,22,88
1771,1000,2,9.9,19.8
1772,1010,2,11,22
1773,1016,2,15,30
1774,1084,2,56.99,113.98
1775,1053,2,1.5,3
1776,1044,3,3.99,11.97
1777,1037,4,3.45,13.8
1778,1040,1,5,5
1779,1084,1,56.99,56.99
1780,1004,4,4,16
1781,1023,1,22.5,22.5
1782,1074,4,2.49,9.96
1783,1054,3,1.5,4.5
1784,1008,4,8.5,34
1785,1054,1,1.5,1.5
1786,1032,4,9.99,39.96
1787,1006,2,6,12
1788,1067,1,2.99,2.99
1789,1062,1,5.99,5.99
1790,1055,4,3.99,15.96
1791,1000,1,9.9,9.9
1792,1014,3,8.99,26.97
1793,1001,1,22,22
1794,1048,2,8.99,17.98
1795,1073,3,1.5,4.5
1796,1064,2,12.5,25
1797,1033,3,2.32,6.96
1798,1026,3,2,6
1799,1010,2,11,22
1800,1077,3,34.5,103.5
1801,1054,2,1.5,3
1802,1018,3,4.99,14.97
1803,1039,2,4.99,9.98
1804,1073,1,1.5,1.5
1805,1058,3,3.89,11.67
1806,1057,1,2.99,2.99
1807,1066,3,3.76,11.28
1808,1084,3,56.99,170.97
1809,1045,3,5.99,17.97
1810,1011,2,5.99,11.98
1811,1084,3,56.99,170.97
1812,1028,3,3.2,9.6
1813,1033,2,2.32,4.64
1814,1000,1,9.9,9.9
1815,1002,2,1.99,3.98
1816,1082,2,29.99,59.98
1817,1014,4,8.99,35.96
1818,1083,3,1.99,5.97
1819,1060,2,3.5,7
1820,1034,3,3.75,11.25
1821,1017,2,7.5,15
1822,1073,4,1.5,6
1823,1080,3,2.49,7.47
1824,1005,1,2.5,2.5
1825,1001,4,22,88
1826,1014,1,8.99,8.99
1827,1056,1,3.75,3.75
1828,1018,3,4.99,14.97
1829,1057,2,2.99,5.98
1830,1008,1,8.5,8.5
1831,1007,2,1.25,2.5
1832,1033,4,2.32,9.28
1833,1005,3,2.5,7.5
1834,1077,1,34.5,34.5
1835,1048,1,8.99,8.99
1836,1004,1,4,4
1837,1086,2,15.9,31.8
1838,1008,2,8.5,17
1839,1055,3,3.99,11.97
1840,1049,4,5.99,23.96
1841,1085,1,64.99,64.99
1842,1035,2,3.99,7.98
1843,1073,2,1.5,3
1844,1058,1,3.89,3.89
1845,1040,2,5,10
1846,1038,2,4,8
1847,1022,1,4.3,4.3
1848,1044,3,3.99,11.97
1849,1063,3,3.99,11.97
1850,1013,3,13.5,40.5
1851,1011,4,5.99,23.96
1852,1049,2,5.99,11.98
1853,1024,4,5.99,23.96
1854,1078,2,10.99,21.98
1855,1004,4,4,16
1856,1002,1,1.99,1.99
1857,1046,3,4.99,14.97
1858,1083,2,1.99,3.98
1859,1078,3,10.99,32.97
1860,1004,4,4,16
1861,1062,3,5.99,17.97
1862,1025,4,4.99,19.96
1863,1029,4,10,40
1864,1065,1,5.99,5.99
1865,1006,2,6,12
1866,1046,4,4.99,19.96
1867,1084,1,56.99,56.99
1868,1084,1,56.99,56.99
1869,1001,4,22,88
1870,1030,1,8,8
1871,1044,2,3.99,7.98
1872,1073,2,1.5,3
1873,1024,4,5.99,23.96
1874,1069,4,3.49,13.96
1875,1025,4,4.99,19.96
1876,1073,1,1.5,1.5
1877,1044,3,3.99,11.97
1878,1004,3,4,12
1879,1013,3,13.5,40.5
1880,1011,3,5.99,17.97
1881,1083,2,1.99,3.98
1882,1048,4,8.99,35.96
1883,1043,2,3.25,6.5
1884,1033,3,2.32,6.96
1885,1079,3,5.99,17.97
1886,1044,3,3.99,11.97
1887,1072,4,1.5,6
1888,1012,1,7.95,7.95
1889,1081,2,11.5,23
1890,1038,4,4,16
1891,1034,3,3.75,11.25
1892,1063,1,3.99,3.99
1893,1025,4,4.99,19.96
1894,1078,2,10.99,21.98
1895,1003,2,12,24
1896,1035,4,3.99,15.96
1897,1015,3,12,36
1898,1073,4,1.5,6
1899,1075,1,35,35
1900,1003,3,12,36
1901,1034,3,3.75,11.25
1902,1047,4,3.89,15.56
1903,1024,2,5.99,11.98
1904,1079,4,5.99,23.96
1905,1034,4,3.75,15
1906,1048,1,8.99,8.99
1907,1075,4,35,140
1908,1052,2,5.89,11.78
1909,1030,2,8,16
1910,1073,4,1.5,6
1911,1001,4,22,88
1912,1018,2,4.99,9.98
1913,1046,4,4.99,19.96
1914,1001,2,22,44
1915,1034,1,3.75,3.75
1916,1054,4,1.5,6
1917,1081,4,11.5,46
1918,1003,4,12,48
1919,1065,1,5.99,5.99
1920,1030,4,8,32
1921,1061,2,5.99,11.98
1922,1053,4,1.5,6
1923,1010,1,11,11
1924,1084,3,56.99,170.97
1925,1012,1,7.95,7.95
1926,1004,2,4,8
1927,1055,3,3.99,11.97
1928,1032,1,9.99,9.99
1929,1005,1,2.5,2.5
1930,1049,2,5.99,11.98
1931,1002,3,1.99,5.97
1932,1038,1,4,4
1933,1015,2,12,24
1934,1037,1,3.45,3.45
1935,1000,3,9.9,29.7
1936,1014,2,8.99,17.98
1937,1035,4,3.99,15.96
1938,1041,1,4.95,4.95
1939,1038,2,4,8
1940,1049,1,5.99,5.99
1941,1023,2,22.5,45
1942,1036,2,3.5,7
1943,1027,4,3.99,15.96
1944,1006,2,6,12
1945,1025,2,4.99,9.98
1946,1063,2,3.99,7.98
1947,1008,3,8.5,25.5
1948,1071,1,4.99,4.99
1949,1016,4,15,60
1950,1069,3,3.49,10.47
1951,1072,1,1.5,1.5
1952,1019,1,4.5,4.5
1953,1039,1,4.99,4.99
1954,1014,2,8.99,17.98
1955,1049,1,5.99,5.99
1956,1082,1,29.99,29.99
1957,1065,2,5.99,11.98
1958,1077,3,34.5,103.5
1959,1050,4,3.5,14
1960,1078,2,10.99,21.98
1961,1047,2,3.89,7.78
1962,1080,2,2.49,4.98
1963,1065,4,5.99,23.96
1964,1057,2,2.99,5.98
1965,1064,4,12.5,50
1966,1030,4,8,32
1967,1044,4,3.99,15.96
1968,1027,1,3.99,3.99
1969,1010,4,11,44
1970,1076,1,29.99,29.99
1971,1038,3,4,12
1972,1025,4,4.99,19.96
1973,1049,3,5.99,17.97
1974,1039,1,4.99,4.99
1975,1063,2,3.99,7.98
1976,1059,1,4,4
1977,1071,3,4.99,14.97
1978,1004,4,4,16
1979,1027,4,3.99,15.96
1980,1045,4,5.99,23.96
1981,1049,4,5.99,23.96
1982,1073,2,1.5,3
1983,1069,2,3.49,6.98
1984,1024,4,5.99,23.96
1985,1041,2,4.95,9.9
1986,1014,4,8.99,35.96
1987,1047,2,3.89,7.78
1988,1070,3,3.99,11.97
1989,1022,1,4.3,4.3
1990,1048,4,8.99,35.96
1991,1025,4,4.99,19.96
1992,1006,2,6,12
1993,1049,4,5.99,23.96
1994,1007,4,1.25,5
1995,1029,1,10,10
1996,1048,4,8.99,35.96
1997,1071,4,4.99,19.96
1998,1075,2,35,70
1999,1002,1,1.99,1.99
2000,1044,1,3.99,3.99
2001,1059,3,4,12
2002,1033,3,2.32,6.96
2003,1005,2,2.5,5
2004,1037,3,3.45,10.35
2005,1012,1,7.95,7.95
2006,1020,4,2.5,10
2007,1075,4,35,140
2008,1009,1,12.5,12.5
2009,1086,1,15.9,15.9
2010,1080,2,2.49,4.98
2011,1024,1,5.99,5.99
2012,1042,3,4.45,13.35
2013,1066,2,3.76,7.52
2014,1061,2,5.99,11.98
2015,1021,2,3.99,7.98
2016,1037,1,3.45,3.45
2017,1072,2,1.5,3
2018,1075,1,35,35
2019,1086,1,15.9,15.9
2020,1059,2,4,8
2021,1080,1,2.49,2.49
2022,1019,3,4.5,13.5
2023,1036,3,3.5,10.5
2024,1043,4,3.25,13
2025,1051,2,5.99,11.98
2026,1033,3,2.32,6.96
2027,1011,3,5.99,17.97
2028,1050,2,3.5,7
2029,1076,4,29.99,119.96
2030,1023,3,22.5,67.5
2031,1013,1,13.5,13.5
2032,1032,4,9.99,39.96
2033,1054,4,1.5,6
2034,1057,4,2.99,11.96
2035,1042,3,4.45,13.35
2036,1084,2,56.99,113.98
2037,1022,2,4.3,8.6
2038,1048,3,8.99,26.97
2039,1007,4,1.25,5
2040,1003,2,12,24
2041,1078,1,10.99,10.99
2042,1076,3,29.99,89.97
2043,1039,4,4.99,19.96
2044,1010,2,11,22
2045,1078,2,10.99,21.98
2046,1000,1,9.9,9.9
2047,1002,3,1.99,5.97
2048,1085,4,64.99,259.96
2049,1039,1,4.99,4.99
2050,1056,3,3.75,11.25
2051,1062,4,5.99,23.96
2052,1079,3,5.99,17.97
2053,1078,1,10.99,10.99
2054,1070,2,3.99,7.98
2055,1006,1,6,6
2056,1018,2,4.99,9.98
2057,1039,3,4.99,14.97
2058,1068,3,1.29,3.87
2059,1071,1,4.99,4.99
2060,1023,3,22.5,67.5
2061,1028,3,3.2,9.6
2062,1014,1,8.99,8.99
2063,1057,1,2.99,2.99
2064,1057,3,2.99,8.97
2065,1057,2,2.99,5.98
2066,1071,3,4.99,14.97
2067,1052,4,5.89,23.56
2068,1045,3,5.99,17.97
2069,1084,3,56.99,170.97
2070,1023,3,22.5,67.5
2071,1059,4,4,16
2072,1058,2,3.89,7.78
2073,1043,1,3.25,3.25
2074,1028,4,3.2,12.8
2075,1047,4,3.89,15.56
2076,1014,2,8.99,17.98
2077,1084,1,56.99,56.99
2078,1074,2,2.49,4.98
2079,1023,2,22.5,45
2080,1011,2,5.99,11.98
2081,1069,2,3.49,6.98
2082,1043,4,3.25,13
2083,1081,4,11.5,46
2084,1062,2,5.99,11.98
2085,1075,3,35,105
2086,1082,3,29.99,89.97
2087,1000,1,9.9,9.9
2088,1013,1,13.5,13.5
2089,1052,1,5.89,5.89
2090,1025,2,4.99,9.98
2091,1051,4,5.99,23.96
2092,1035,1,3.99,3.99
2093,1071,3,4.99,14.97
2094,1064,1,12.5,12.5
2095,1025,2,4.99,9.98
2096,1013,2,13.5,27
2097,1047,1,3.89,3.89
2098,1031,1,1.99,1.99
2099,1074,2,2.49,4.98
2100,1051,1,5.99,5.99
2101,1020,4,2.5,10
2102,1028,2,3.2,6.4
2103,1055,1,3.99,3.99
2104,1082,3,29.99,89.97
2105,1003,3,12,36
2106,1083,3,1.99,5.97
2107,1084,1,56.99,56.99
2108,1009,4,12.5,50
2109,1039,4,4.99,19.96
2110,1004,1,4,4
2111,1033,4,2.32,9.28
2112,1053,1,1.5,1.5
2113,1055,1,3.99,3.99
2114,1073,1,1.5,1.5
2115,1055,1,3.99,3.99
2116,1074,1,2.49,2.49
2117,1013,3,13.5,40.5
2118,1024,3,5.99,17.97
2119,1052,4,5.89,23.56
2120,1039,2,4.99,9.98
2121,1054,2,1.5,3
2122,1061,2,5.99,11.98
2123,1067,4,2.99,11.96
2124,1017,2,7.5,15
2125,1000,3,9.9,29.7
2126,1073,4,1.5,6
2127,1044,4,3.99,15.96
2128,1038,3,4,12
2129,1007,3,1.25,3.75
2130,1007,2,1.25,2.5
2131,1033,1,2.32,2.32
2132,1031,4,1.99,7.96
2133,1017,2,7.5,15
2134,1053,2,1.5,3
2135,1052,1,5.89,5.89
2136,1085,4,64.99,259.96
2137,1002,1,1.99,1.99
2138,1006,1,6,6
2139,1084,4,56.99,227.96
2140,1001,3,22,66
2141,1057,3,2.99,8.97
2142,1036,1,3.5,3.5
2143,1008,4,8.5,34
2144,1010,1,11,11
2145,1015,2,12,24
2146,1078,1,10.99,10.99
2147,1007,4,1.25,5
2148,1059,1,4,4
2149,1058,4,3.89,15.56
2150,1081,1,11.5,11.5
2151,1011,3,5.99,17.97
2152,1025,3,4.99,14.97
2153,1016,1,15,15
2154,1070,3,3.99,11.97
2155,1083,4,1.99,7.96
2156,1056,2,3.75,7.5
2157,1021,3,3.99,11.97
2158,1058,2,3.89,7.78
2159,1021,4,3.99,15.96
2160,1009,3,12.5,37.5
2161,1086,3,15.9,47.7
2162,1014,1,8.99,8.99
2163,1007,1,1.25,1.25
2164,1024,3,5.99,17.97
2165,1036,3,3.5,10.5
2166,1067,3,2.99,8.97
2167,1045,2,5.99,11.98
2168,1025,4,4.99,19.96
2169,1050,4,3.5,14
2170,1066,2,3.76,7.52
2171,1012,3,7.95,23.85
2172,1057,1,2.99,2.99
2173,1048,1,8.99,8.99
2174,1017,4,7.5,30
2175,1067,4,2.99,11.96
2176,1048,2,8.99,17.98
2177,1040,2,5,10
2178,1017,4,7.5,30
2179,1084,3,56.99,170.97
2180,1041,1,4.95,4.95
2181,1053,2,1.5,3
2182,1050,3,3.5,10.5
2183,1085,3,64.99,194.97
2184,1012,1,7.95,7.95
2185,1040,4,5,20
2186,1029,4,10,40
2187,1048,4,8.99,35.96
2188,1000,1,9.9,9.9
2189,1015,4,12,48
2190,1069,2,3.49,6.98
2191,1048,3,8.99,26.97
2192,1075,1,35,35
2193,1020,1,2.5,2.5
2194,1062,3,5.99,17.97
2195,1036,3,3.5,10.5
2196,1071,3,4.99,14.97
2197,1056,3,3.75,11.25
2198,1014,4,8.99,35.96
2199,1078,1,10.99,10.99
2200,1020,1,2.5,2.5
2201,1043,2,3.25,6.5
2202,1009,2,12.5,25
2203,1055,2,3.99,7.98
2204,1042,1,4.45,4.45
2205,1067,4,2.99,11.96
2206,1061,1,5.99,5.99
2207,1014,2,8.99,17.98
2208,1066,2,3.76,7.52
2209,1015,4,12,48
2210,1009,1,12.5,12.5
2211,1064,3,12.5,37.5
2212,1061,2,5.99,11.98
2213,1014,1,8.99,8.99
2214,1084,1,56.99,56.99
2215,1021,1,3.99,3.99
2216,1019,4,4.5,18
2217,1051,3,5.99,17.97
2218,1003,4,12,48
2219,1066,1,3.76,3.76
2220,1037,1,3.45,3.45
2221,1047,1,3.89,3.89
2222,1083,1,1.99,1.99
2223,1024,1,5.99,5.99
2224,1006,4,6,24
2225,1009,3,12.5,37.5
2226,1005,4,2.5,10
2227,1055,2,3.99,7.98
2228,1039,3,4.99,14.97
2229,1050,3,3.5,10.5
2230,1043,4,3.25,13
2231,1069,2,3.49,6.98
2232,1082,3,29.99,89.97
2233,1066,3,3.76,11.28
2234,1067,1,2.99,2.99
2235,1077,2,34.5,69
2236,1074,2,2.49,4.98
2237,1046,1,4.99,4.99
2238,1009,2,12.5,25
2239,1063,2,3.99,7.98
2240,1068,2,1.29,2.58
2241,1083,4,1.99,7.96
2242,1009,4,12.5,50
2243,1060,3,3.5,10.5
2244,1085,2,64.99,129.98
2245,1048,1,8.99,8.99
2246,1041,3,4.95,14.85
2247,1035,3,3.99,11.97
2248,1072,4,1.5,6
2249,1048,3,8.99,26.97
2250,1086,4,15.9,63.6
2251,1058,2,3.89,7.78
2252,1052,4,5.89,23.56
2253,1085,4,64.99,259.96
2254,1045,4,5.99,23.96
2255,1028,2,3.2,6.4
2256,1002,4,1.99,7.96
2257,1055,4,3.99,15.96
2258,1075,1,35,35
2259,1047,4,3.89,15.56
2260,1068,2,1.29,2.58
2261,1082,3,29.99,89.97
2262,1050,2,3.5,7
2263,1037,3,3.45,10.35
2264,1013,3,13.5,40.5
2265,1021,4,3.99,15.96
2266,1003,2,12,24
2267,1066,4,3.76,15.04
2268,1026,3,2,6
2269,1007,4,1.25,5
2270,1066,3,3.76,11.28
2271,1026,2,2,4
2272,1034,4,3.75,15
2273,1048,3,8.99,26.97
2274,1077,4,34.5,138
2275,1050,1,3.5,3.5
2276,1042,2,4.45,8.9
2277,1040,3,5,15
2278,1065,1,5.99,5.99
2279,1030,4,8,32
2280,1079,3,5.99,17.97
2281,1079,3,5.99,17.97
2282,1021,3,3.99,11.97
2283,1038,2,4,8
2284,1027,1,3.99,3.99
2285,1060,2,3.5,7
2286,1074,3,2.49,7.47
2287,1010,3,11,33
2288,1084,2,56.99,113.98
2289,1056,3,3.75,11.25
2290,1040,2,5,10
2291,1070,3,3.99,11.97
2292,1067,4,2.99,11.96
2293,1046,2,4.99,9.98
2294,1067,2,2.99,5.98
2295,1074,4,2.49,9.96
2296,1019,3,4.5,13.5
2297,1086,2,15.9,31.8
2298,1037,2,3.45,6.9
2299,1027,3,3.99,11.97
2300,1029,2,10,20
2301,1082,3,29.99,89.97
2302,1080,4,2.49,9.96
2303,1067,3,2.99,8.97
2304,1025,1,4.99,4.99
2305,1022,2,4.3,8.6
2306,1011,2,5.99,11.98
2307,1011,1,5.99,5.99
2308,1062,3,5.99,17.97
2309,1004,1,4,4
2310,1062,2,5.99,11.98
2311,1060,4,3.5,14
2312,1059,2,4,8
2313,1079,4,5.99,23.96
2314,1084,3,56.99,170.97
2315,1058,3,3.89,11.67
2316,1026,3,2,6
2317,1081,2,11.5,23
2318,1054,1,1.5,1.5
2319,1066,4,3.76,15.04
2320,1007,3,1.25,3.75
2321,1043,1,3.25,3.25
2322,1063,4,3.99,15.96
2323,1055,3,3.99,11.97
2324,1062,4,5.99,23.96
2325,1067,3,2.99,8.97
2326,1076,1,29.99,29.99
2327,1003,4,12,48
2328,1003,3,12,36
2329,1064,4,12.5,50
2330,1063,4,3.99,15.96
2331,1006,3,6,18
2332,1071,4,4.99,19.96
2333,1035,1,3.99,3.99
2334,1054,3,1.5,4.5
2335,1004,4,4,16
2336,1000,2,9.9,19.8
2337,1025,3,4.99,14.97
2338,1067,3,2.99,8.97
2339,1049,1,5.99,5.99
2340,1019,3,4.5,13.5
2341,1038,1,4,4
2342,1055,3,3.99,11.97
2343,1013,4,13.5,54
2344,1002,3,1.99,5.97
2345,1008,4,8.5,34
2346,1027,4,3.99,15.96
2347,1019,4,4.5,18
2348,1071,2,4.99,9.98
2349,1024,4,5.99,23.96
2350,1047,3,3.89,11.67
2351,1035,3,3.99,11.97
2352,1036,3,3.5,10.5
2353,1013,1,13.5,13.5
2354,1021,4,3.99,15.96
2355,1050,1,3.5,3.5
2356,1078,3,10.99,32.97
2357,1065,1,5.99,5.99
2358,1072,2,1.5,3
2359,1086,4,15.9,63.6
2360,1030,1,8,8
2361,1016,2,15,30
2362,1006,3,6,18
2363,1012,1,7.95,7.95
2364,1034,2,3.75,7.5
2365,1017,1,7.5,7.5
2366,1035,1,3.99,3.99
2367,1030,2,8,16
2368,1058,3,3.89,11.67
2369,1076,3,29.99,89.97
2370,1019,1,4.5,4.5
2371,1080,4,2.49,9.96
2372,1047,1,3.89,3.89
2373,1079,1,5.99,5.99
2374,1017,2,7.5,15
2375,1077,4,34.5,138
2376,1027,2,3.99,7.98
2377,1015,3,12,36
2378,1065,4,5.99,23.96
2379,1067,2,2.99,5.98
2380,1056,3,3.75,11.25
2381,1046,2,4.99,9.98
2382,1075,2,35,70
2383,1052,4,5.89,23.56
2384,1030,1,8,8
2385,1057,4,2.99,11.96
2386,1006,2,6,12
2387,1049,4,5.99,23.96
2388,1071,4,4.99,19.96
2389,1074,1,2.49,2.49
2390,1003,1,12,12
2391,1030,3,8,24
2392,1048,4,8.99,35.96
2393,1023,2,22.5,45
2394,1059,3,4,12
2395,1071,4,4.99,19.96
2396,1007,3,1.25,3.75
2397,1038,2,4,8
2398,1042,2,4.45,8.9
2399,1020,1,2.5,2.5
2400,1061,2,5.99,11.98
2401,1060,2,3.5,7
2402,1026,3,2,6
2403,1022,1,4.3,4.3
2404,1024,3,5.99,17.97
2405,1075,1,35,35
2406,1046,1,4.99,4.99
2407,1051,1,5.99,5.99
2408,1062,2,5.99,11.98
2409,1012,1,7.95,7.95
2410,1083,4,1.99,7.96
2411,1061,2,5.99,11.98
2412,1065,4,5.99,23.96
2413,1004,4,4,16
2414,1079,1,5.99,5.99
2415,1040,1,5,5
2416,1028,4,3.2,12.8
2417,1034,4,3.75,15
2418,1031,2,1.99,3.98
2419,1048,4,8.99,35.96
2420,1040,1,5,5
2421,1073,2,1.5,3
2422,1076,4,29.99,119.96
2423,1055,3,3.99,11.97
2424,1080,2,2.49,4.98
2425,1011,2,5.99,11.98
2426,1050,3,3.5,10.5
2427,1070,3,3.99,11.97
2428,1048,4,8.99,35.96
2429,1050,1,3.5,3.5
2430,1024,3,5.99,17.97
2431,1075,2,35,70
2432,1006,2,6,12
2433,1067,4,2.99,11.96
2434,1073,1,1.5,1.5
2435,1018,4,4.99,19.96
2436,1062,3,5.99,17.97
2437,1031,2,1.99,3.98
2438,1024,4,5.99,23.96
2439,1061,4,5.99,23.96
2440,1003,3,12,36
2441,1037,1,3.45,3.45
2442,1085,3,64.99,194.97
2443,1041,4,4.95,19.8
2444,1016,4,15,60
2445,1013,3,13.5,40.5
2446,1013,1,13.5,13.5
2447,1035,2,3.99,7.98
2448,1072,2,1.5,3
2449,1023,3,22.5,67.5
2450,1021,1,3.99,3.99
2451,1045,1,5.99,5.99
2452,1036,4,3.5,14
2453,1055,3,3.99,11.97
2454,1052,2,5.89,11.78
2455,1020,2,2.5,5
2456,1086,2,15.9,31.8
2457,1004,2,4,8
2458,1024,1,5.99,5.99
2459,1000,3,9.9,29.7
2460,1073,4,1.5,6
2461,1006,1,6,6
2462,1059,4,4,16
2463,1048,4,8.99,35.96
2464,1059,1,4,4
2465,1024,3,5.99,17.97
2466,1001,2,22,44
2467,1006,1,6,6
2468,1005,1,2.5,2.5
2469,1063,2,3.99,7.98
2470,1016,2,15,30
2471,1037,2,3.45,6.9
2472,1062,3,5.99,17.97
2473,1085,3,64.99,194.97
2474,1085,2,64.99,129.98
2475,1086,4,15.9,63.6
2476,1075,2,35,70
2477,1055,4,3.99,15.96
2478,1038,3,4,12
2479,1085,3,64.99,194.97
2480,1063,1,3.99,3.99
2481,1044,4,3.99,15.96
2482,1006,2,6,12
2483,1071,1,4.99,4.99
2484,1056,1,3.75,3.75
2485,1045,2,5.99,11.98
2486,1062,2,5.99,11.98
2487,1047,3,3.89,11.67
2488,1007,4,1.25,5
2489,1056,3,3.75,11.25
2490,1000,2,9.9,19.8
2491,1059,3,4,12
2492,1081,4,11.5,46
2493,1030,2,8,16
2494,1056,3,3.75,11.25
2495,1022,3,4.3,12.9
2496,1011,1,5.99,5.99
2497,1015,1,12,12
2498,1051,2,5.99,11.98
2499,1080,1,2.49,2.49
2500,1067,3,2.99,8.97
2501,1038,4,4,16
2502,1082,1,29.99,29.99
2503,1056,2,3.75,7.5
2504,1059,4,4,16
2505,1073,4,1.5,6
2506,1058,3,3.89,11.67
2507,1005,1,2.5,2.5
2508,1081,2,11.5,23
2509,1018,2,4.99,9.98
2510,1003,2,12,24
2511,1008,3,8.5,25.5
2512,1041,4,4.95,19.8
2513,1062,4,5.99,23.96
2514,1038,2,4,8
2515,1001,4,22,88
2516,1042,4,4.45,17.8
2517,1071,1,4.99,4.99
2518,1046,1,4.99,4.99
2519,1043,3,3.25,9.75
2520,1059,3,4,12
2521,1018,2,4.99,9.98
2522,1036,2,3.5,7
2523,1003,4,12,48
2524,1028,1,3.2,3.2
2525,1043,4,3.25,13
2526,1039,4,4.99,19.96
2527,1004,1,4,4
2528,1012,4,7.95,31.8
2529,1057,4,2.99,11.96
2530,1008,2,8.5,17
2531,1041,4,4.95,19.8
2532,1064,3,12.5,37.5
2533,1061,3,5.99,17.97
2534,1061,1,5.99,5.99
2535,1003,2,12,24
2536,1046,2,4.99,9.98
2537,1086,4,15.9,63.6
2538,1037,3,3.45,10.35
2539,1021,2,3.99,7.98
2540,1065,2,5.99,11.98
2541,1032,1,9.99,9.99
2542,1014,2,8.99,17.98
2543,1003,2,12,24
2544,1046,4,4.99,19.96
2545,1050,2,3.5,7
2546,1049,3,5.99,17.97
2547,1050,1,3.5,3.5
2548,1071,3,4.99,14.97
2549,1032,2,9.99,19.98
2550,1018,1,4.99,4.99
2551,1025,1,4.99,4.99
2552,1017,2,7.5,15
2553,1007,2,1.25,2.5
2554,1022,2,4.3,8.6
2555,1066,1,3.76,3.76
2556,1042,2,4.45,8.9
2557,1051,2,5.99,11.98
2558,1068,4,1.29,5.16
2559,1071,1,4.99,4.99
2560,1037,1,3.45,3.45
2561,1080,3,2.49,7.47
2562,1005,2,2.5,5
2563,1079,3,5.99,17.97
2564,1005,1,2.5,2.5
2565,1060,4,3.5,14
2566,1061,2,5.99,11.98
2567,1000,2,9.9,19.8
2568,1005,3,2.5,7.5
2569,1035,2,3.99,7.98
2570,1030,4,8,32
2571,1032,3,9.99,29.97
2572,1030,1,8,8
2573,1061,4,5.99,23.96
2574,1021,4,3.99,15.96
2575,1056,2,3.75,7.5
2576,1074,1,2.49,2.49
2577,1080,2,2.49,4.98
2578,1032,1,9.99,9.99
2579,1067,4,2.99,11.96
2580,1040,1,5,5
2581,1076,2,29.99,59.98
2582,1056,4,3.75,15
2583,1034,4,3.75,15
2584,1052,2,5.89,11.78
2585,1013,1,13.5,13.5
2586,1028,4,3.2,12.8
2587,1028,1,3.2,3.2
2588,1042,1,4.45,4.45
2589,1049,4,5.99,23.96
2590,1068,4,1.29,5.16
2591,1047,4,3.89,15.56
2592,1001,1,22,22
2593,1040,1,5,5
2594,1036,4,3.5,14
2595,1056,4,3.75,15
2596,1006,1,6,6
2597,1052,3,5.89,17.67
2598,1023,4,22.5,90
2599,1072,1,1.5,1.5
2600,1074,3,2.49,7.47
2601,1043,1,3.25,3.25
2602,1021,3,3.99,11.97
2603,1010,1,11,11
2604,1024,3,5.99,17.97
2605,1052,2,5.89,11.78
2606,1085,3,64.99,194.97
2607,1077,1,34.5,34.5
2608,1084,4,56.99,227.96
2609,1041,1,4.95,4.95
2610,1017,3,7.5,22.5
2611,1070,2,3.99,7.98
2612,1058,1,3.89,3.89
2613,1070,2,3.99,7.98
2614,1068,1,1.29,1.29
2615,1024,2,5.99,11.98
2616,1063,3,3.99,11.97
2617,1011,2,5.99,11.98
2618,1023,1,22.5,22.5
2619,1020,1,2.5,2.5
2620,1074,4,2.49,9.96
2621,1047,4,3.89,15.56
2622,1008,2,8.5,17
2623,1066,3,3.76,11.28
2624,1034,1,3.75,3.75
2625,1051,3,5.99,17.97
2626,1072,2,1.5,3
2627,1083,1,1.99,1.99
2628,1056,2,3.75,7.5
2629,1056,3,3.75,11.25
2630,1025,1,4.99,4.99
2631,1049,3,5.99,17.97
2632,1067,2,2.99,5.98
2633,1079,2,5.99,11.98
2634,1069,4,3.49,13.96
2635,1024,4,5.99,23.96
2636,1017,3,7.5,22.5
2637,1060,3,3.5,10.5
2638,1019,3,4.5,13.5
2639,1034,2,3.75,7.5
2640,1074,1,2.49,2.49
2641,1042,2,4.45,8.9
2642,1004,1,4,4
2643,1001,1,22,22
2644,1002,3,1.99,5.97
2645,1060,2,3.5,7
2646,1078,3,10.99,32.97
2647,1032,1,9.99,9.99
2648,1077,3,34.5,103.5
2649,1004,2,4,8
2650,1053,2,1.5,3
2651,1077,4,34.5,138
2652,1047,1,3.89,3.89
2653,1026,3,2,6
2654,1079,4,5.99,23.96
2655,1006,1,6,6
2656,1043,4,3.25,13
2657,1035,2,3.99,7.98
2658,1049,4,5.99,23.96
2659,1068,1,1.29,1.29
2660,1038,4,4,16
2661,1037,2,3.45,6.9
2662,1038,4,4,16
2663,1041,3,4.95,14.85
2664,1067,2,2.99,5.98
2665,1081,3,11.5,34.5
2666,1000,3,9.9,29.7
2667,1057,3,2.99,8.97
2668,1027,4,3.99,15.96
2669,1082,1,29.99,29.99
2670,1064,4,12.5,50
2671,1085,3,64.99,194.97
2672,1056,1,3.75,3.75
2673,1071,4,4.99,19.96
2674,1004,2,4,8
2675,1062,2,5.99,11.98
2676,1069,4,3.49,13.96
2677,1063,3,3.99,11.97
2678,1020,4,2.5,10
2679,1048,1,8.99,8.99
2680,1047,3,3.89,11.67
2681,1076,2,29.99,59.98
2682,1082,4,29.99,119.96
2683,1040,4,5,20
2684,1041,3,4.95,14.85
2685,1041,4,4.95,19.8
2686,1040,1,5,5
2687,1006,4,6,24
2688,1027,3,3.99,11.97
2689,1018,2,4.99,9.98
2690,1017,2,7.5,15
2691,1026,2,2,4
2692,1017,4,7.5,30
2693,1063,3,3.99,11.97
2694,1078,3,10.99,32.97
2695,1077,4,34.5,138
2696,1076,4,29.99,119.96
2697,1040,2,5,10
2698,1007,4,1.25,5
2699,1041,3,4.95,14.85
2700,1005,2,2.5,5
2701,1046,3,4.99,14.97
2702,1071,3,4.99,14.97
2703,1082,3,29.99,89.97
2704,1070,1,3.99,3.99
2705,1057,2,2.99,5.98
2706,1076,4,29.99,119.96
2707,1024,3,5.99,17.97
2708,1048,1,8.99,8.99
2709,1015,4,12,48
2710,1019,4,4.5,18
2711,1034,2,3.75,7.5
2712,1036,3,3.5,10.5
2713,1053,1,1.5,1.5
2714,1066,3,3.76,11.28
2715,1052,1,5.89,5.89
2716,1016,1,15,15
2717,1008,2,8.5,17
2718,1065,2,5.99,11.98
2719,1079,2,5.99,11.98
2720,1024,3,5.99,17.97
2721,1020,3,2.5,7.5
2722,1000,4,9.9,39.6
2723,1042,2,4.45,8.9
2724,1030,4,8,32
2725,1070,1,3.99,3.99
2726,1002,1,1.99,1.99
2727,1086,3,15.9,47.7
2728,1055,3,3.99,11.97
2729,1044,4,3.99,15.96
2730,1001,3,22,66
2731,1005,2,2.5,5
2732,1032,1,9.99,9.99
2733,1040,1,5,5
2734,1057,3,2.99,8.97
2735,1076,4,29.99,119.96
2736,1056,2,3.75,7.5
2737,1009,4,12.5,50
2738,1017,2,7.5,15
2739,1016,1,15,15
2740,1059,3,4,12
2741,1058,1,3.89,3.89
2742,1041,4,4.95,19.8
2743,1049,4,5.99,23.96
2744,1076,4,29.99,119.96
2745,1029,3,10,30
2746,1016,4,15,60
2747,1020,3,2.5,7.5
2748,1084,4,56.99,227.96
2749,1027,2,3.99,7.98
2750,1022,3,4.3,12.9
2751,1062,2,5.99,11.98
2752,1077,1,34.5,34.5
2753,1027,1,3.99,3.99
2754,1026,3,2,6
2755,1085,1,64.99,64.99
2756,1014,3,8.99,26.97
2757,1065,4,5.99,23.96
2758,1081,2,11.5,23
2759,1074,1,2.49,2.49
2760,1065,2,5.99,11.98
2761,1071,4,4.99,19.96
2762,1050,4,3.5,14
2763,1077,4,34.5,138
2764,1006,4,6,24
2765,1068,1,1.29,1.29
2766,1022,2,4.3,8.6
2767,1009,3,12.5,37.5
2768,1016,3,15,45
2769,1081,3,11.5,34.5
2770,1083,2,1.99,3.98
2771,1002,3,1.99,5.97
2772,1044,1,3.99,3.99
2773,1039,2,4.99,9.98
2774,1034,4,3.75,15
2775,1026,4,2,8
2776,1046,4,4.99,19.96
2777,1033,1,2.32,2.32
2778,1072,4,1.5,6
2779,1076,2,29.99,59.98
2780,1002,2,1.99,3.98
2781,1083,2,1.99,3.98
2782,1041,3,4.95,14.85
2783,1044,3,3.99,11.97
2784,1020,3,2.5,7.5
2785,1015,1,12,12
2786,1038,2,4,8
2787,1047,4,3.89,15.56
2788,1075,3,35,105
2789,1053,3,1.5,4.5
2790,1074,1,2.49,2.49
2791,1062,3,5.99,17.97
2792,1085,3,64.99,194.97
2793,1071,1,4.99,4.99
2794,1059,1,4,4
2795,1086,2,15.9,31.8
2796,1020,1,2.5,2.5
2797,1075,3,35,105
2798,1086,2,15.9,31.8
2799,1058,1,3.89,3.89
2800,1041,4,4.95,19.8
2801,1028,2,3.2,6.4
2802,1011,2,5.99,11.98
2803,1067,3,2.99,8.97
2804,1084,1,56.99,56.99
2805,1006,3,6,18
2806,1082,4,29.99,119.96
2807,1026,3,2,6
2808,1009,2,12.5,25
2809,1040,1,5,5
2810,1037,2,3.45,6.9
2811,1035,4,3.99,15.96
2812,1078,1,10.99,10.99
2813,1020,4,2.5,10
2814,1039,2,4.99,9.98
2815,1070,1,3.99,3.99
2816,1013,1,13.5,13.5
2817,1009,3,12.5,37.5
2818,1062,2,5.99,11.98
2819,1085,3,64.99,194.97
2820,1078,4,10.99,43.96
2821,1022,2,4.3,8.6
2822,1042,4,4.45,17.8
2823,1047,4,3.89,15.56
2824,1043,2,3.25,6.5
2825,1032,2,9.99,19.98
2826,1038,1,4,4
2827,1044,1,3.99,3.99
2828,1042,4,4.45,17.8
2829,1006,1,6,6
2830,1004,2,4,8
2831,1059,3,4,12
2832,1079,2,5.99,11.98
2833,1068,2,1.29,2.58
2834,1081,1,11.5,11.5
2835,1010,3,11,33
2836,1024,2,5.99,11.98
2837,1038,3,4,12
2838,1017,1,7.5,7.5
2839,1039,1,4.99,4.99
2840,1070,3,3.99,11.97
2841,1074,2,2.49,4.98
2842,1064,3,12.5,37.5
2843,1054,1,1.5,1.5
2844,1058,3,3.89,11.67
2845,1013,4,13.5,54
2846,1030,4,8,32
2847,1066,4,3.76,15.04
2848,1010,1,11,11
2849,1050,3,3.5,10.5
2850,1027,1,3.99,3.99
2851,1002,3,1.99,5.97
2852,1065,2,5.99,11.98
2853,1026,4,2,8
2854,1031,3,1.99,5.97
2855,1002,3,1.99,5.97
2856,1071,3,4.99,14.97
2857,1060,2,3.5,7
2858,1004,2,4,8
2859,1059,2,4,8
2860,1008,1,8.5,8.5
2861,1078,2,10.99,21.98
2862,1013,1,13.5,13.5
2863,1013,2,13.5,27
2864,1050,1,3.5,3.5
2865,1080,3,2.49,7.47
2866,1001,3,22,66
2867,1072,4,1.5,6
2868,1078,2,10.99,21.98
2869,1011,1,5.99,5.99
2870,1012,3,7.95,23.85
2871,1072,4,1.5,6
2872,1031,3,1.99,5.97
2873,1030,1,8,8
2874,1050,4,3.5,14
2875,1008,4,8.5,34
2876,1037,1,3.45,3.45
2877,1003,1,12,12
2878,1069,3,3.49,10.47
2879,1020,2,2.5,5
2880,1008,4,8.5,34
2881,1060,3,3.5,10.5
2882,1048,2,8.99,17.98
2883,1009,1,12.5,12.5
2884,1066,1,3.76,3.76
2885,1044,1,3.99,3.99
2886,1041,1,4.95,4.95
2887,1042,1,4.45,4.45
2888,1036,3,3.5,10.5
2889,1036,2,3.5,7
2890,1011,4,5.99,23.96
2891,1076,1,29.99,29.99
2892,1039,2,4.99,9.98
2893,1056,2,3.75,7.5
2894,1043,1,3.25,3.25
2895,1046,3,4.99,14.97
2896,1044,1,3.99,3.99
2897,1043,1,3.25,3.25
2898,1038,3,4,12
2899,1037,1,3.45,3.45
2900,1083,4,1.99,7.96
2901,1026,1,2,2
2902,1053,3,1.5,4.5
2903,1074,3,2.49,7.47
2904,1067,4,2.99,11.96
2905,1033,1,2.32,2.32
2906,1065,2,5.99,11.98
2907,1065,2,5.99,11.98
2908,1080,2,2.49,4.98
2909,1021,4,3.99,15.96
2910,1084,1,56.99,56.99
2911,1061,4,5.99,23.96
2912,1077,1,34.5,34.5
2913,1023,1,22.5,22.5
2914,1064,4,12.5,50
2915,1042,1,4.45,4.45
2916,1032,1,9.99,9.99
2917,1062,4,5.99,23.96
2918,1030,1,8,8
2919,1042,1,4.45,4.45
2920,1041,1,4.95,4.95
2921,1081,4,11.5,46
2922,1068,4,1.29,5.16
2923,1022,1,4.3,4.3
2924,1015,4,12,48
2925,1033,1,2.32,2.32
2926,1022,4,4.3,17.2
2927,1003,2,12,24
2928,1025,4,4.99,19.96
2929,1070,2,3.99,7.98
2930,1061,4,5.99,23.96
2931,1058,1,3.89,3.89
2932,1049,2,5.99,11.98
2933,1007,2,1.25,2.5
2934,1083,4,1.99,7.96
2935,1014,1,8.99,8.99
2936,1032,2,9.99,19.98
2937,1054,4,1.5,6
2938,1036,4,3.5,14
2939,1028,3,3.2,9.6
2940,1004,4,4,16
2941,1039,1,4.99,4.99
2942,1073,4,1.5,6
2943,1043,4,3.25,13
2944,1037,4,3.45,13.8
2945,1033,3,2.32,6.96
2946,1053,1,1.5,1.5
2947,1026,4,2,8
2948,1044,4,3.99,15.96
2949,1034,3,3.75,11.25
2950,1078,3,10.99,32.97
2951,1056,3,3.75,11.25
2952,1083,3,1.99,5.97
2953,1008,4,8.5,34
2954,1055,1,3.99,3.99
2955,1021,1,3.99,3.99
2956,1074,2,2.49,4.98
2957,1073,1,1.5,1.5
2958,1061,3,5.99,17.97
2959,1048,2,8.99,17.98
2960,1037,1,3.45,3.45
2961,1021,4,3.99,15.96
2962,1039,4,4.99,19.96
2963,1030,3,8,24
2964,1033,3,2.32,6.96
2965,1025,1,4.99,4.99
2966,1036,4,3.5,14
2967,1012,1,7.95,7.95
2968,1046,4,4.99,19.96
2969,1059,3,4,12
2970,1041,3,4.95,14.85
2971,1054,3,1.5,4.5
2972,1039,2,4.99,9.98
2973,1040,2,5,10
2974,1036,3,3.5,10.5
2975,1034,2,3.75,7.5
2976,1044,1,3.99,3.99
2977,1082,3,29.99,89.97
2978,1062,1,5.99,5.99
2979,1069,2,3.49,6.98
2980,1037,3,3.45,10.35
2981,1031,3,1.99,5.97
2982,1008,3,8.5,25.5
2983,1018,3,4.99,14.97
2984,1043,4,3.25,13
2985,1002,1,1.99,1.99
2986,1054,1,1.5,1.5
2987,1054,1,1.5,1.5
2988,1084,1,56.99,56.99
2989,1083,2,1.99,3.98
2990,1057,1,2.99,2.99
2991,1044,3,3.99,11.97
2992,1076,2,29.99,59.98
2993,1069,2,3.49,6.98
2994,1051,1,5.99,5.99
2995,1057,2,2.99,5.98
2996,1046,4,4.99,19.96
2997,1021,1,3.99,3.99
2998,1075,4,35,140
2999,1002,3,1.99,5.97
3000,1070,4,3.99,15.96
